{"version":2411,"hash":{"type":"Buffer","data":"WM01JFqYfWtIXf5VinBFUTDc0nq4xy9gbMi+YUpTMz0KWbz0ss3v/ZbqQ12ibA+sS2iIZU6wbE+bWH4lkYl8RI7r3bXN7KzYYNCOalPIfKK8f8WD/OxDT0WKt3rLcqeTfBM0U6SmKTEebayc993bq3lTa/zTuqm9h97OeULn2jI="},"indexValueMap":{"AAa6LkR/XVm9AyzhjiqBCOZnZxM8VdBmrav019FqW1c=":{"valueMac":{"type":"Buffer","data":"TaSaiITAcnNnByYiHtuDsWHj6Ywf3JTOl5zNyjG1YrM="}},"AMyEYWbnBJAmsplY/EXZ8dw9XbNec3/GCkQiVkISJW4=":{"valueMac":{"type":"Buffer","data":"tWSol/Ciz6CQU8nBDnzvk/KxM7lZfvsaMCj/yhXG4gU="}},"AtBktJ6rwaCGkN1WY+0IO6HWQ+X9dRBenRfSFfBEOTY=":{"valueMac":{"type":"Buffer","data":"EolffcUbk64V9CmcWNVjwV4i7rJkhj7vOeHBDJDoKOI="}},"AzA0PvCURw7ITgx8fArm8G9PRIQ2JgloPIDMuRBw+qA=":{"valueMac":{"type":"Buffer","data":"BuD042gkOTUboSHfm8TJrohoOJyiww3l2ZcvfWKKoL8="}},"BDROVz0Cx8nb0mU97wS3GZCfxJV101i1Mv0GRbiN+uE=":{"valueMac":{"type":"Buffer","data":"RB6aOcxBWUSijA4ANgT8eYbtHuW5LfYBlepYv7F86ig="}},"Bbd3vTQGytIJ5NMhqmxfYnjI18D6nqw7+UGEmcB4egI=":{"valueMac":{"type":"Buffer","data":"sTbIwgm2q8ePyTmhvdXn4wwRFy9jWhAuT+qKGx4EaUU="}},"BxHUN1d72T7JbhH0UqrRH6WLloRotpzYn72ACH/to00=":{"valueMac":{"type":"Buffer","data":"9dJhC6JEzmKDCbARS6UtfORq8EJXfUyibhFTU/PoWEk="}},"CIaEIhKlBzNBe9w2wOkJKFpUUC/ReJ3b4Til1I7m4LQ=":{"valueMac":{"type":"Buffer","data":"1aDLF4m8AFt4Q7j/89Gc1/NNwBf4Ora0ZcgAaQcLDGw="}},"DIPbgdnA1PMZ9jOvx15fnsGR10dtS+LZXVhBC2+AKGg=":{"valueMac":{"type":"Buffer","data":"H31cY33+iWRGl62www7YbHSlzO0+DzOfYc35Rwx/pQA="}},"D53UaKOHKozP+PuldNZKJRWaj+rihgjkZup5Q2gx2FU=":{"valueMac":{"type":"Buffer","data":"f2t4C4sI2XQMJMIVCxaDpG5/m3yEZuu5MsTE2lhDaKU="}},"E3hEpV+OZTwmJWWGD6HGK1ryyfIilPS5ktK8aSVveLE=":{"valueMac":{"type":"Buffer","data":"HvhGP05DNmiqWL5YpPw9XEuEEiDOl7RYz82rux6v6U4="}},"FE7TKIv5k3LuTAMAOQ3WvdmGPHyIMimUc/UostyptSg=":{"valueMac":{"type":"Buffer","data":"5ZTteVUm4kcu2JbSxL1lzJT6haL7O73KYn4d89cIpe8="}},"FJFiliQOXrExOWLBT6FmsiT8RWgtgmB2BRz08L7hM7c=":{"valueMac":{"type":"Buffer","data":"2gggxvqS4fU0PPKuCcCoOZj46MVsXM13RS1VLO13oFo="}},"FRISLu8se8PqwktCvJC81pkDGMZGtLBKFfa+8SF0+pw=":{"valueMac":{"type":"Buffer","data":"cVK11x53EVfHmfQITya/oNx2HwRJqENNlvt9SFjxnQM="}},"FRwnsdyyH4aB8CVXUKOrYt171rQQrq9dUuXIm/w4QTU=":{"valueMac":{"type":"Buffer","data":"SCKNuzwqT3Z4kGH8vbS7FeIS1ubEjjbfdcCXb3GBvOk="}},"Fh5zzMKoAFllRQ2ENxk7KbLYLS98aedV8gawdVU7gLA=":{"valueMac":{"type":"Buffer","data":"r1D1jJnY9vVRzoBzjzyWYqHqc8GtZAoKNAL2fSneZo8="}},"GM+4u8kIAvHJkxqYdISMbxB+QyOilb1oD/Tli2yYsNQ=":{"valueMac":{"type":"Buffer","data":"coBcwThyCSIWHQ3IxwievOQsUetevSvn5M2bSX4Lwck="}},"GdNGJft4npabCqq+N2Ev3A0zX6AxSVsUn/jnkv+O8uc=":{"valueMac":{"type":"Buffer","data":"CumkAFG4W5Ugf56bhyFJI9YyLioYLXTYr82yk5fTmsU="}},"GnVzRobrhQbC9YdJjgbaIe/c6zhnV91s9nQI8v/utPM=":{"valueMac":{"type":"Buffer","data":"jPWZ4C+vYnTzaL9RQOKqM6HkcePpfuDRbZezDWRNH0k="}},"GzU9Fv2JLKuGAZ9XKbPYOSe/MDETW/RPTkN9/kaz8Oc=":{"valueMac":{"type":"Buffer","data":"+gTpsIgOCcsBqVD7QJiN+FMa7QyH8fz85qJCBtLjDkc="}},"G3/H5w5NZVEZE4L2G7vjrzFd1wxIhGoIAfnc9v0/tRg=":{"valueMac":{"type":"Buffer","data":"qhIpTVB5EOhUbAccZ8eMMuDJLPkV0RLO0QTTpmWx3vo="}},"HD2WdQxBSWXEAkHRrd895HLmHYuenjXSRG/UgbGxbKk=":{"valueMac":{"type":"Buffer","data":"a6ebg+OPdhIRIr7+cuH5MYEzJ89di4iTPNCChMK4W48="}},"HUsWCDQUioRnMzPG+hcBrRbusihtMyVnEgYE/3VdvJ8=":{"valueMac":{"type":"Buffer","data":"hFCTNTbtOCUjiBFkV6lwm34cbgIHXsUwXnfLcl8GDow="}},"HXbyl00cYQ2y2WAegPcw34YOTKRuVolllrv+txlNEHg=":{"valueMac":{"type":"Buffer","data":"UCa8QBW+0tbwOzfaKRmlCppD3V4XNyqaBBRxtwphnFk="}},"Hdygw7F7yugSAPIOHwv6KtKwtNoAfX1gv8ODn7PRdoA=":{"valueMac":{"type":"Buffer","data":"pEnyC3V2e3/HCKgYZip3E2ckqrwP4nrWpND3eaLpf6k="}},"HtPurjoJil5PnCPaJ9KFzcd/ViweoJSJjPt6Cb+42SY=":{"valueMac":{"type":"Buffer","data":"9/2LElh4/lmuMBCBltAURtMjymA+PZQGjngFhWhPbK8="}},"IVP3wOHL3M4/d1y2Ql6Po+CkV4nJthHNj9nn6znA6Gk=":{"valueMac":{"type":"Buffer","data":"2bccpWuIYhfw/U0B7qLg3EbkWC/l7L7vtxQi7RLZ77I="}},"Jrd2KfK1/YFSowbDAU1ZugeMkE6x/hRWyrSj2N/BY/g=":{"valueMac":{"type":"Buffer","data":"AXOMdvEPmT5uryHCT/L/xsvSdw7grDlwOB5Nfr64GJA="}},"JvE8AUWPoUy33f9HkPAUzducMHPPuoL2d2aXiKVugzM=":{"valueMac":{"type":"Buffer","data":"V5Y3EyT5kwAUqPUsJQYxReAAi7Yja6PDD6D3NhK77M8="}},"JvqTA+4qyS5/UXzoJwW3KXMzHkq1vnOL0d+QDxUYrM8=":{"valueMac":{"type":"Buffer","data":"9hVsG01JLMWXVkB7CaAXySxs1WiBqjgYGQvSbpcqiHk="}},"J/0FMRf+8yBQLzXdV2rk814/1l1D1b6c4S59iL2fRhM=":{"valueMac":{"type":"Buffer","data":"E2rpzLKLqbm2eNztkB89ftyqWuxg1wUbXh7tf/p0BSo="}},"KdfzHfv7RKj/1WropfzPIJ4xDy0ddQ1yWNmJjfjZeXc=":{"valueMac":{"type":"Buffer","data":"zS3oV8i4L4MushOw1w/me7C/wmuqW5Ckm28W32zO0VM="}},"LOV8dJRwRuz58dpU/FnsJGeEVO9pMO23UyLv74Y6mHk=":{"valueMac":{"type":"Buffer","data":"IqqKcOx/+yTAaOCrejLUKoNpJkNAMIaTgoc6aaboZC0="}},"LdRXOz+SJyOHcbJXgeCVQuFwlSMhcBlmW4AaI+Nd0Do=":{"valueMac":{"type":"Buffer","data":"M4WqfosgywT1CkJ/FtExXG6FbLFxDXBijBwNQxpLDgY="}},"LoSU6tfNVNGlMlj168Rp0j6dfAG8SB8Ks+P8SOySf4Y=":{"valueMac":{"type":"Buffer","data":"VgC/UctbTH1HswwRrQPgMzkpQ0IInTx29A48GflA0Uk="}},"Lqq2gQ3FzNH9mF1Scx+PGkmU5HWS4f/7PBncpu8B6vg=":{"valueMac":{"type":"Buffer","data":"hA2S5helqFdhuGwf2hRR972c7e8UD6ZbmOlW5juf0B4="}},"Lqto21T8J7A9qK+HlXYbCTG1obPv7SG/xYrgmOVx5bU=":{"valueMac":{"type":"Buffer","data":"OYniB61LlaTqMetjuYwaGQT1+2dxasz1HLP784AxMmo="}},"Mb1v1UBS9wY/bY2v80a8gfjj1cSjXf/MbgJD4HIP4Lg=":{"valueMac":{"type":"Buffer","data":"Ku4JP82csQPJ7fSnpj/4FQ1ERS50+HHHfuUX+cuMOUw="}},"McGCycY4D8lV87/UGaBBaa6VdFzpZCnHLZWDryvRv9Q=":{"valueMac":{"type":"Buffer","data":"Oz5f1aq8qXC1s7V7/hes8/6e7kbYjz1a4Y+PFPomoMU="}},"MiNmibyxLH9b+bU8j7XDLPZ2Likp8UVaktgIm8/IUr4=":{"valueMac":{"type":"Buffer","data":"amuwEbsCUy0L57u+vn4y01FL24lDwJl7I+9EDj2boWg="}},"MnrqnrgF/YXuoYvO8HjVkrmfHIYm5RdVJR39zrEyacs=":{"valueMac":{"type":"Buffer","data":"PPRaYZ0TuNc8yK3JhSL2Hs5R+dGfXJhvfWf+wHlzaS0="}},"NGVqUIjFSMvnrc9Gpa1RoziTcDFPNRn2OkHcfR9eMgI=":{"valueMac":{"type":"Buffer","data":"Yvfpm5uL0ay5fGWSmoyQrCsoPAmIAoBeWOOws43B7Qs="}},"NKdGQXlXyHoQEVzFFtJixaVR3Ud5OeOyrHCnh8MnzNc=":{"valueMac":{"type":"Buffer","data":"y+fSOgXd8jp7M9wEuLp5x6gLamT5gOMc12OQromdS0s="}},"OQSbAC3s9r/R2D7ZXB759mBzop/Wc79apE1qXkUXPLo=":{"valueMac":{"type":"Buffer","data":"YGQRKZZ+kBqhIXYzaHm/+23NIUlIvy5ba3sds+A2NNs="}},"Os+r2hM1YwXEXGgeAqN+qmc5BmBaPWzOfU3b6V0CHvU=":{"valueMac":{"type":"Buffer","data":"fuW3IbeEb3qpu68vDSc5ArocQjZaflLJGXPvxp4vZyA="}},"PbI6l0S93Hw6lxkm9jhDqS+EiwDy1BS4n+V6JeuYOUU=":{"valueMac":{"type":"Buffer","data":"uP2Ax4P5kyGfNY1d1qwQyVCTbMNFfm3fGDtUTaUG33k="}},"PoCE2SHaIvZ3EIax30DHuYUvwIN50W8aK6oZKMHqbwE=":{"valueMac":{"type":"Buffer","data":"V0JKPhBtcgoxR3GSa2r5nTjnkcIKGom6USeVvDd44q4="}},"P6WPcUEFxuYo0QX0/sUBerTv4a12pSjS8TL7KMIeJLQ=":{"valueMac":{"type":"Buffer","data":"kcdoNEjWyz0F1CxD+BZRWCe9+UZEri3+Rpu2u32iefw="}},"P7NZ3OA4uKqy8/CBAhPFZmkga27JaXJCb+rbLWnsMBw=":{"valueMac":{"type":"Buffer","data":"q62mxPnmKuiMSA5QVj6zU2dgc2YNs+sTv6czK3mdhT0="}},"P7yrGrhcYWjq7x/T+LV5zLseQ9eh50l9q4QTy5IgcgA=":{"valueMac":{"type":"Buffer","data":"pH/UTfdVL/Qyqac5rL1wUykLXFU+GcVRWQ225Fpzl3c="}},"P/KAGyiehbTszSGWtPdOUTVpJ1u35dOOjPLmnp9aSVA=":{"valueMac":{"type":"Buffer","data":"rrN6KBRtuP4yjixLl61aZFpCIatORIhjtMmaWov9+MM="}},"QalnEDEJ8xQVwXnScNHyy91TPs3SUL1imTOFrYHc/3k=":{"valueMac":{"type":"Buffer","data":"EdTH2TdczWao9mYBv18Pqh7HxwW86Uj0Or7GmMHsMLc="}},"QbzynYTf2Tu5KHUXZGnUQ1o5A+DMQ9bBlVCTLpBjqtQ=":{"valueMac":{"type":"Buffer","data":"MA+WzAuY9q5B+AGR4TPrNrCszMRHEvTZw0S9rvk9C6o="}},"RRkRhuUXDW8u5FMRMpjduXhxMmNGf9+Xz+gw2PCh8pY=":{"valueMac":{"type":"Buffer","data":"SYVx/bqG8vUxRaKLw9DLpGE3wF6+MKdjVpIRXU0tTBI="}},"RjvvhXBzOZCM/VkPjadUlqsiQHT79vvbWiaHkisEGcE=":{"valueMac":{"type":"Buffer","data":"E5giCAqc+mAogdh8aDnpY7/ku5UtFkTaG010rmBU/SY="}},"RwIJDAYLbfKxvkuX+wj9ZycMOtRdwxr3Ejk7+9c0in0=":{"valueMac":{"type":"Buffer","data":"wBeLioI8Bxdsx0lv5P5wwplJwLtRRUkmIuGEq0gy2kc="}},"RyXERwniq1ZxqH/XZNzUL/YIo6nQDHUIflLInXsD2/o=":{"valueMac":{"type":"Buffer","data":"O1OSzwIkbODyuK4cm7grRnOCEs5Ba3IeXrHiyJj1OqM="}},"SINEHfGIA3EYMbeyIzGYDB5QAvHkNRcag8ebBlwC/uc=":{"valueMac":{"type":"Buffer","data":"mdmgBwMZBPV02koNsU3KzSSggQbk4r6mj3Lrr5apStg="}},"SL4hUsguXC8IwIdVgKdy5Zc+VFD3r7oCQhza6eeRRAU=":{"valueMac":{"type":"Buffer","data":"Z7M1raV2YdkUFrjcUq+CRn7WzkvEhGAGkqf82D9qSAc="}},"TNsmfyDTA6XBecoU58JNcIm5Z1OBLJg3o2OJLSKEtk8=":{"valueMac":{"type":"Buffer","data":"IoUlsP9gypwxFcTMV9/1PGrXoS3Y4RqSDIlaiZU4ziE="}},"TQlEC5+pGWVQvQ6UsLMZhjl03WbB6PuVtI2wKZtOBxU=":{"valueMac":{"type":"Buffer","data":"KxFNJVVPVIT4hQjgO4awXcyO0K8pZoMdqP8jLEp5QsE="}},"TdcqDU5KhviIU0VOXlasBqczzQ8VUKk2wYbp8SS3cN4=":{"valueMac":{"type":"Buffer","data":"Z5388ax+KzNU78YD8GkhtnInaPguBvfEn2eVDMoG/a0="}},"Tg5jcZbzzkJz8XJgtGK7hF9d0VB3rhFJwdHHlKNLWKE=":{"valueMac":{"type":"Buffer","data":"gtPrZto2n6hr4F2muYJFsQqTSE/czIfrJViem+sLjtw="}},"Tq7T1hmlJQ16tvJgUDBgSxJLQoW97l4EboGtCoTLYtA=":{"valueMac":{"type":"Buffer","data":"xTERVmhkVuqZqIwzZuzOsyNjxPC9BL3UbyV1/bianQM="}},"TrnAAK10KHTZnYH4KNg5gs1IJQ2t0v0xnKu5/K/vRT0=":{"valueMac":{"type":"Buffer","data":"oERXHrC9SWkSI6xydOROu87KdZsBk41Dc2j89sBFhRA="}},"T2dph0wIMnAD/5YvXTHgGiicHYxHxojZiu/t9TVeUWc=":{"valueMac":{"type":"Buffer","data":"wl4l/b+164+uEmHQID0Rwiutfj9LwZHtoDVodX8eVpI="}},"UHSFAOWTZOurMCTal/oyww0arwJJlRPbBuzxQ0n2k4I=":{"valueMac":{"type":"Buffer","data":"8Ylmuxbudg+lM8etX9w5MmXg8JHNGAmsGQnSYKDpZKA="}},"UhIQn49iEyxuA0/uCj4TtC5vqYGxdpDyCM29rqzahqY=":{"valueMac":{"type":"Buffer","data":"6IR8bfkiwK9dmoga2iQfCVmFp1gDYi1wX16RN8fCbRE="}},"Up98K1MkgZTpC/UPm8kOJhEr7yn8xYN9HcvaOPht14c=":{"valueMac":{"type":"Buffer","data":"Ln34TZfuXayy/1zys0mHbWtmX/c8t5JlD07EK83w9F4="}},"Uy429rVIW+o8LtXvLnT/0o/QSY0nrn8ciKfDh6OYBnk=":{"valueMac":{"type":"Buffer","data":"ZilvN1UNBTfC288V3XCCMij1PmmX1vxvzFcHffLVFBg="}},"VFBp4whP12PZPnUIO+BF9QaOat38SePu6cDYP44DVOM=":{"valueMac":{"type":"Buffer","data":"3uU3Zgfw39sW7SvyiemWzqHy9HKVn0uYSJtcdZ0tgYY="}},"Viem58nGie5d84YsEKkA0/JL22ZlTUzkbaEwLKgXRac=":{"valueMac":{"type":"Buffer","data":"4cL7iiJgbMysGxkM4BDgkU5x9kA0IE+fv+pd7EiOOVI="}},"Vv6wGsxfN1dYw5l/LZa5Bc1hDCwLBpDAtPbqsdnytw8=":{"valueMac":{"type":"Buffer","data":"PzEd1L/5tk0hJl0yWmluaVP6ykHB+nVbsVO8Q/oAnpw="}},"V6Pp7ASEEurATeQvAs97DzIVYZH6yV8syBPvCky/LoE=":{"valueMac":{"type":"Buffer","data":"yArDt/yFDTQxnX9Nnbj2GiFYupUvxjsblVtnHuoIRUc="}},"WeqWoMjCNXoPEBi0d+/Fb5IAFOIKHNhET+t0z5iaHYQ=":{"valueMac":{"type":"Buffer","data":"riycJp9SBQ8rh4ulc2Q5pYydjxuvqdTBCTmaHFAi+XI="}},"WfzL2eq1HoIIdhtTGjmkN+PBpZ8ZXJDYxJfyK6m4wbQ=":{"valueMac":{"type":"Buffer","data":"JZ6tdJ7hw2A/74mhTDBl9R8kqyqbrXVA9BMe1d64vJg="}},"WrLDU+VmWwpVIgdEMsx9e9x1BB6Ur5AQ4py0J4TY688=":{"valueMac":{"type":"Buffer","data":"dk6rtD1oU8/jp8Kjlvb/KaC8aVXY8Y641zb6wGTa0mY="}},"W3xiUa9my4ev/4WyPA/HXN2WYbKKMHgvppmVMGcQKEM=":{"valueMac":{"type":"Buffer","data":"0GrQYk2ygMhl7iM6eTmpLkwaA548EyFgqNwuwjrwBcI="}},"XG0EwLopC7phlbfeuW16OOQDF94oO4eyNwkCdpp4j88=":{"valueMac":{"type":"Buffer","data":"pBD8J6kq24uO9rmR2y6XJiCghMHmBk5qgr8jknv/mmE="}},"XofL4PHkfwxUSRmXucVR0JcVEql2/FtTWQz/TmMTwfQ=":{"valueMac":{"type":"Buffer","data":"vB9qpY+95cs2yMQ76agmhfzkIWJ/+JUCW3yj1czyMRg="}},"XrWOh9+SyMuHiEXc3ROxWdStq9Xtq9Nrsy9GNnHf1RU=":{"valueMac":{"type":"Buffer","data":"Ow6PbLPZSV71REfrGMMZ8E6HuYcphNi/6XbXvfYZnSY="}},"X9xTTYF5zZVCIXx8NIWiRYiAt6ltXoRmVFQpkFy0D9A=":{"valueMac":{"type":"Buffer","data":"FzFnbb01/YDvYnSMhK78vyRGeJO1jkhxzM5CBXsKwZw="}},"YH37VWy6AnPehL3/MEuMzKNS58mAGYQevG3eUlD2PPw=":{"valueMac":{"type":"Buffer","data":"qLFWxVrm4hPWx3I4O/DrE8XGEkBPT/q8MC3YdDtMku0="}},"YuegrhHhGkpnW/kwNSCFv02gK76piRaemlpsodzWHdo=":{"valueMac":{"type":"Buffer","data":"1lCA8d/Il8aj6WMvfe60763Lx5VlxCqP68dvHh7+mVA="}},"Yw4HAUDoihG4+PPMl7a7/ft7AD05mQe+24JES2XXX0k=":{"valueMac":{"type":"Buffer","data":"CP7cRmfFrohJKEzEGzs2FtB4R4d2v8IunNDhPuYU9A0="}},"ZC/1AWsm5W1wur4Z2sH1CqS7UtFeyCB6C6U6HC3o7Fg=":{"valueMac":{"type":"Buffer","data":"mR49b6aaE4X27nMLmd2TRBPa+kImdSB/i4X1oT0s3f8="}},"ZqyKJxBYrb6p59II1+XmvMQd6Ot+fNljMSf+J9uSkEI=":{"valueMac":{"type":"Buffer","data":"akogNI2XcQoUqKCgRfMx88EobLr5ifp7kmjtfX6VBuI="}},"Z0nN3HWfSqaOVmAUFVNSSo8xqCe232iGQTl3zKIhpGY=":{"valueMac":{"type":"Buffer","data":"xxCP/xndcLAN7lO/MTxe+jUgsO3/878NHLpZJB3ATyk="}},"Z5YZVouXAB1sUXuKxklYLHvXryVDB3vg1+o2Cg/8bNs=":{"valueMac":{"type":"Buffer","data":"GUQp3nQ0uXq/VyusVnVBDQy+1jImYOevGPoEURuBe+o="}},"aqRw3nLANqem23PlOW3maDHaqp2tZhw28zgvVPOFP+4=":{"valueMac":{"type":"Buffer","data":"AADryniq1dHDTG76yEHqrRI/NsaHYuEZXbrxeIrlKJk="}},"a4yQOWh4Xo3sSP7BCbXYyOvczAXsl/iCsagF2nhfHrU=":{"valueMac":{"type":"Buffer","data":"GMVYoVqje8b2g4/bHLFoDZ8F44vb794fTjYSImHaN1M="}},"bDWVCSBJaSiUp6605hyzzj2eJnxiTWznUzVJ/AgvtWY=":{"valueMac":{"type":"Buffer","data":"6xwIswXbJGAEIzp6Q+M3EegcxgPSOWyHGGdC3mWfxDg="}},"cP7IoZCYvzwrC223i1wbIij6qQVe3pRhxV/V8UOtkqc=":{"valueMac":{"type":"Buffer","data":"Kh1NvzIHJRdIcl0VLlZ8UEutPAyfXSkczkMT/wJ5F9g="}},"cTy07GccMT0+MrcLz3ObxqUiiL5rPBcQ9HmFl4fWoyI=":{"valueMac":{"type":"Buffer","data":"q/KRlui9NZX7qTnD2FvNVvDF765+OuRx2Rth4MqhHyM="}},"cjCEX1HEyclkY130UeZCZFLTEtSZT3c3tw5gzSWqzmU=":{"valueMac":{"type":"Buffer","data":"/BaY4nM+gkgT9CAHKg25LvZErmGVddg41zmzBWoLumM="}},"cjVxL/OLZA22hEIPuqCSpA06uvPEnSv7wd11oIdexY0=":{"valueMac":{"type":"Buffer","data":"UMs5HBIw9jKdcxK20D9ILuCt20WioWIS6xUMpOlUWAc="}},"c6YSMfhUPhjx8Rc5RT++xMWt4hBQGV6ETbAo/fazcKA=":{"valueMac":{"type":"Buffer","data":"JPr9Hjx4+8C+rKtAWb7DMOWnokG2hE695fPpgU+v0is="}},"dYEDP8so/Jh/yU6vCaR1HhaVrgdce5hLXy3a0AuYx9Q=":{"valueMac":{"type":"Buffer","data":"8jBwqe9yYQBKXtl2a72bQ6wSBIgl/efWSBeZ2ZYnR3Y="}},"di3/zBtNzttxnO6SBvaAQtf+I4Dq5NvsFlXXdCAu3HU=":{"valueMac":{"type":"Buffer","data":"BX+s0sizeFJfuqipMFRS12b5G0dMjNDRvwkkjjJvKjs="}},"dnpuqqlKOKKCqpzOO1n8fWVexIMEdvwPbm9g1Iy48TY=":{"valueMac":{"type":"Buffer","data":"fQvJlEDDG9HI16vfczUI227PJd30kN5NcjOHRK0CJ48="}},"dtVc4P5toJzrd8O8LyQ2VPiF7Vq+lDJjkioPJadOdjQ=":{"valueMac":{"type":"Buffer","data":"b5Srs0TeRcD2E3pD2uhEUlBgGF33ImZLVeY25HDBHWU="}},"dwlwsaPD5/BGUCH15wu+61z03r7uRnat34KTremqETI=":{"valueMac":{"type":"Buffer","data":"DhgcFhaspbw7oOYd+TeqL4kVMrZCJCdmpKd6t4oGZYo="}},"dygsqdYMAnNqL4KOP4nZAbsGgZ0dfFHKdqko5xKKPjg=":{"valueMac":{"type":"Buffer","data":"fs/9QpeEaPPz4g49ZSAdsWOl3dg5qkbwaLMTXrNC0QM="}},"d14aBEWGvsGNT84dJLnRE9xEy1/tYG4Hp+9bVsZx+10=":{"valueMac":{"type":"Buffer","data":"eHMEGviRtH/cYrQ6urhFx1Hj0z4gI1Yl/vK4yXVH3Zg="}},"d8D6MiwHC44nDYDawov1hy+iGaiBL/4Q11D5cNT7lCM=":{"valueMac":{"type":"Buffer","data":"PBo6Q7tRCwuYvGKs9U1jfPyYhpUUgS6iF889choMpFo="}},"d+5epsEq9NryUtnGkD+bU8QDZ1HnvzQvYvZMM+/r6dM=":{"valueMac":{"type":"Buffer","data":"aDWOpyelYTg5sI8pYi4/hwKCquFMXvOxLqL0VsqWafE="}},"ffmVGbz+63zL9iH9HOtkgUJcWkXL1ta9mmfhw4YBXfo=":{"valueMac":{"type":"Buffer","data":"JJFMIV+7VD/6urm65+UtAS19LjEd7NMvXZCLiH7gl64="}},"fznthnUXzBsybn9H8MHpH73cflVh46rUXqyM0tQ2Euw=":{"valueMac":{"type":"Buffer","data":"ucLuud2io/O/zO58MAcK6l9jjjZxkhmbNarzmioqshM="}},"gRNQIrO4BfktuI5rjwjKowKLiMsULAtqMheU2RN+gfU=":{"valueMac":{"type":"Buffer","data":"drCgkGkkCK9EZLfujvg+6a7tTREdcFUqp40GrSxrNfE="}},"gZ0HrBYXmKIHAU9hRMCSYVl4udPhAirgDoEhAPD4BBg=":{"valueMac":{"type":"Buffer","data":"eZDBKScbQcWWDWSGtxJ3LCAMYfjD8NjUnFAjlO4Ixdg="}},"godW7ksOZ+Dyvp4E7n92QqH/vquvFzaYkwv6hWI1NwQ=":{"valueMac":{"type":"Buffer","data":"L9ImUkNpEt4TdxLw32fi140tMYI8rq1osXUStsTE344="}},"hUe6n9o82TxLhQIpwYHeu7pV8H6eGB3AaHyiEpb2Wlg=":{"valueMac":{"type":"Buffer","data":"YikI1tul9zx5J+rUnMF+3/1lsPkXhGt6/+hkNy5w9yU="}},"hebDl9YsLAMRvgSlkrwE5FxQWHCwNK2vgjLyy87ezKo=":{"valueMac":{"type":"Buffer","data":"in05XNpIUVXIvDK0htqpjVCXFVHeiMcxtiSf2xPMEgk="}},"hp4vTmB/sjNxP9VFhkA4ZwFF4A4P/Vsx2qpUGELILM0=":{"valueMac":{"type":"Buffer","data":"a3qYBDv0EISJWcvixufO9crOFQqu1lqpyeOr/sYcIpU="}},"igVHzrXZO5aq8lhlzUQ63bv8waT2M0JVBv8Qb8ts+sw=":{"valueMac":{"type":"Buffer","data":"MGZH6oBBP9fskCEN5sBU5yWGsCm3iz64ZlOrw6GmEwE="}},"inm3zfORjbnPLgerR+RPEQdIAk/J0anQNWNCaOXcUgI=":{"valueMac":{"type":"Buffer","data":"91KLEObAFgusEZvJ7f+yT6oLOpiRjkZsmlGCUY8YFDI="}},"ithGCKZA7XhN75SU6/PHLMOsb6dEuuAwZBBBza6v9bE=":{"valueMac":{"type":"Buffer","data":"8Z6EyrM0OIeGo7pBJgERVNottX0833lSS4JmnF386YU="}},"i27qmL2Ewv3drhph3YBgIAWk9Ro7rWiaWgCRIQdsB3g=":{"valueMac":{"type":"Buffer","data":"H2eu5O3UWjbusPkV+CzDqz2vK+7JtiHy4Fmcul6Hed4="}},"jA3G25azK3FjRW9hSjU7gVb+N9BUf5wT7MiQiJNH74E=":{"valueMac":{"type":"Buffer","data":"J534G9t3FuST/wxGNWNnXlTyVq6I95loppPaOrhQE24="}},"ja4ZlnIAcLB0SdCPS6gYUeWrVbEHzuR6cHquta0kP8U=":{"valueMac":{"type":"Buffer","data":"cixV1kRJHFONJpWH5UeA5m1bUjp5QtSe7zvyAdIlVjM="}},"jon/OZO216rwZZwRbraswmfkIM4n7W208qIZecnAhTI=":{"valueMac":{"type":"Buffer","data":"sRXAOU0I24OIrOeXMmi5VtZ/mQuxKANQvGdchh/x93w="}},"jvVS1b2ZBa+QBdvPxAkGfne2nzDd4nVueQuFPk8dv+0=":{"valueMac":{"type":"Buffer","data":"HDVzCtuuiKbFh4TlW0r0YRlb0y2c7bdsLPJ3GPvXfKY="}},"ktJIWYwPl8U56aUrm3aakSdTljKgGdQW8pLG5U+KaJw=":{"valueMac":{"type":"Buffer","data":"YPSRhmxsskRU6Up/N1hcLhb480CC3nmljpH/1vzKYno="}},"k0UNrdCJ/K6zgX7pwFT2GS8djTQHfzFRvw4mpWBJp40=":{"valueMac":{"type":"Buffer","data":"sQ7mClvp83pPi67TWDbBs8re6Rf/vCD1Z/qgsfpO7Dc="}},"k4DE+Ou7mY6sQ4fUeff8MYC6puMtSNaar4/QeQX9sag=":{"valueMac":{"type":"Buffer","data":"SRe3f0Bs+/vs2A4hZwZgj7G4of4QXJrPlaJmpwKGQeU="}},"lhCyKrmZoZc7+CBmW8VVsdDCC38RUKNwPwQF3QYUKMo=":{"valueMac":{"type":"Buffer","data":"cLyReN88VjnZa+OSF7Zb63P3+mHmxCY0e7J/NvRomWs="}},"mcgLpIGY3w5gNh00rgaDjOarUD/NKYE0ZkWUjFyAC2g=":{"valueMac":{"type":"Buffer","data":"zpJ6s2j6Rv9VUQ/d2Gy39QBGe6W3FTdPAxyDSkcvu8E="}},"myWZS5ZB4tbtX3WCl1gFRAzgagwDbLD3zR1/UiQxrLU=":{"valueMac":{"type":"Buffer","data":"NzwEtaCDDFkGMnGu/HIVCazOkAmzIqQsgs3UJ/uDj1o="}},"m1CljNnhnWH580VPu2l9w29Q1HSmsw2kKXBV2KbOySQ=":{"valueMac":{"type":"Buffer","data":"zRr3sxbVBMMwd0MNvMM9cZPMaVpVynFkONtf6tM+8aA="}},"nU4AOhGNPC4YtFgfDrEqHeo2Tsh6yCMZXpBGlLYb46c=":{"valueMac":{"type":"Buffer","data":"XMrKd8c0uzfyAyug2B1Wnkt4UVEiHV31VuS10uBukpw="}},"nXP6vp8rc4RZEf8pcyx2EyXq2sB65hGwRY47+TGMRPw=":{"valueMac":{"type":"Buffer","data":"vYyMOSenWzC3ATF4gqa6ND0PxIKb+eNnGoJDfmIVDRo="}},"oDwwwMVKur8MJZ+XX9eLnSBTvOfYBMb+l6Eg4i4/AVk=":{"valueMac":{"type":"Buffer","data":"XFgRLy39FnH7RrItVZMcafKL+QZWoSExoUCiOIZ0QOE="}},"oFFHaZ9U9MT0ecAnYA2T7fdgn7E8D79TjvU95I9aoe0=":{"valueMac":{"type":"Buffer","data":"K7rdCa3eqB7JasVypWKpWkfwFDyxzrTAiNM2uvfle14="}},"pIYqNwrvLOhdaslun57868ONFqzR03TKwEwWS+ItIOA=":{"valueMac":{"type":"Buffer","data":"4ioePA15zLQWlndhga47IoNq9iSd7eZ2tEhUfS0dp6w="}},"pQ4WKLGgfE6D9ZvgikgtzN96aLpqXW4a/WPEn255Ejs=":{"valueMac":{"type":"Buffer","data":"gxd7eOKLmPOFKx0wvxpaQCGCzGeNMIocAQsLC2qJYrc="}},"ppznX2jZqVUWft1rIIkMW36UINovpH2SUvxbQpXvGog=":{"valueMac":{"type":"Buffer","data":"yJcwgHK5Od1N/a24p8chcqvLgZrSEdW9q4jmP+Xj7cQ="}},"qBLQ/XtHiDjjvay8yDli8bfrz/j1NusvNXGGpEgKhVM=":{"valueMac":{"type":"Buffer","data":"FYpde2iooUxNLulsAYm3D66xIRphDGUYQDP1UjLnViY="}},"qGeOAoR2N4hNYoY33ojEQrVUR40/WBmWIj55MtOUzYA=":{"valueMac":{"type":"Buffer","data":"BHj2F6a4Pdv50Qz77BkRf36CZjemgVdpsSCqNbLhavc="}},"qZ/9TQrImDIG6Ibz5YSXIUeVWRvN41X3phowPq6q88w=":{"valueMac":{"type":"Buffer","data":"3HCJJIzJdxK4y4DGgiD1NCIKRwBD4td09q/Nspz8omg="}},"qitJXbNK7EbKsTBDc2wbD4acGDYcZ7uoXPmM+AE9Q4g=":{"valueMac":{"type":"Buffer","data":"9SKmVvLzoWF4qoB5YX03XKhualAWGfB8mM9PN1a408M="}},"qn3tppi9DoWp5wCI1bo7BogLKsInB/h3fNoXrVgIn8s=":{"valueMac":{"type":"Buffer","data":"Xw6L+U9p0mo3IYI/QHg8VvAH59X+NaaC6CD9jzJtUpg="}},"rd2cu+cq/kXk8pwoMUNWk+4Qp1RwrrH0hdphcZf/6lc=":{"valueMac":{"type":"Buffer","data":"A0rdcY/aeuETdJOAHUKZprOhGbbBVQncZQM7c60m2Tw="}},"rhQJy4lR8F9WbsYH7MQmX1ZLm8ZGFf8/BxqrLaeDmDA=":{"valueMac":{"type":"Buffer","data":"naS8XYJa4CqCE/3LWfhkkSHNYRxBI5iQ/W9FM9DRmwI="}},"rsGDIAmhCScWXYRzUYLP6Sks6kHhdDgs47f5SZZW/18=":{"valueMac":{"type":"Buffer","data":"lyt6I/WeeFaYMunq/Ek4PkZDIP/Yy5bfD8rANP8N9CU="}},"r4XCDm2xWnX2APXi/kE9tV5JsUSKID/hs0oh/w+xFU4=":{"valueMac":{"type":"Buffer","data":"gTIUM8KyYE2XArfns/xIroMUnh/HDw/e37PojWtV1cU="}},"r4eDYh2q1tr8FnGPrpRnXeFCfHm57PvItGsROcExU98=":{"valueMac":{"type":"Buffer","data":"8lKoECU7Jjk201w2o6Ipprokz+dHRPq/TjjvtWl1cJY="}},"r8QNuGRcJtHiNjzX5fLNb86gwpqXCDo9A+5Dw0tRnzk=":{"valueMac":{"type":"Buffer","data":"U9FQ0/1ZZ/YCVBNJQE9gve/gvp74yhel7HJVnWiusq0="}},"sB/UsIv2T+pl5ScxmC7/2h0JbOc0p0o0ogP8bYtCglo=":{"valueMac":{"type":"Buffer","data":"7F22TONoC8kych6ZNxP847OsJ2j1ns/7R9KwqD6tnYU="}},"sO9yk4ZPOvlywxwaBT3QBidk9xfljGTGDkNdqN0sZUY=":{"valueMac":{"type":"Buffer","data":"pDElR0C/rQzmTc0usqzSndSyCvtbJFyLuk7aq14nVxM="}},"sb/3N9EyR/H0auZoVvvJxRuMtuRrRpVl6P0op47k8Jo=":{"valueMac":{"type":"Buffer","data":"UzvROedZ2ivQnOjJeL/XmPfPU8EtWJw3YTVZZk26Kvg="}},"shOGm8+x6eh6aGrIo55l6pko31sGtPxQDba4GSuKQtw=":{"valueMac":{"type":"Buffer","data":"dh4YKVl1MkNa2gydXslsZKPS8jy1lRSjLO92bdgYUis="}},"soGOkCEpeYd3pUzVEnaMSr5XL3PyM+5o+ZhHff96cHM=":{"valueMac":{"type":"Buffer","data":"6yS9SaUlrXOTrNsMv91IWguiRD1G1C6cFuf8UlKs+Ec="}},"svnMDpTsdbDLurbaDwa9Zy5PYVF2hpQvd89Jl9OMDwU=":{"valueMac":{"type":"Buffer","data":"HNLRqsDHUryU7kAoqkSBkSiOHO56cHWhONcgCUN1ElQ="}},"s6IV2MXAuB2JPa6IIND0IteAg00LfiRr6dkMdX2OKZ0=":{"valueMac":{"type":"Buffer","data":"mAYP3uzu/zuqHSTKe7bNSlN6rWNK5N4vQQBKfy7TxQM="}},"tT5LIkNyvjL22sAYHAcy19+CyiqX1IveCcVaXyUpy58=":{"valueMac":{"type":"Buffer","data":"u59xNL3PP5Bgz047qtGAUcPDb3Gs9XhirM35doXptl0="}},"t+ZRqRDMkCufGgCZt85mX3n1Hu6m4tADvboOzFhEZjw=":{"valueMac":{"type":"Buffer","data":"sB1pOW4MzHlPHAzT+oGFeYVhZo/yl6YQVqU8I27b8fw="}},"utFZ5M+E/3BTXZlJlhI4lhi+bzV/Q2CjL/lI/imdkqA=":{"valueMac":{"type":"Buffer","data":"d+IlGS13pB5QVfpJZbKS8BMkGeWQigzz7vEOUH8VbC0="}},"uzSE8Py1iqgganSqC3M6b5FBtbAZIHA94R8LqMjop7s=":{"valueMac":{"type":"Buffer","data":"9pfl2wkTOnu6R1NLuctAZvsExbEl5Lu9Vb8ONuNEdVk="}},"u0aixjfvevfXNqlrXIbyufAVw/rSh+Ff9zQAUmDC4C4=":{"valueMac":{"type":"Buffer","data":"DYaXa3O8e8NMy1xlSDai7/U7tBkbVNb1bpqqgiUX78E="}},"u6zSvPThyahLXeytdwtRmRV/oY0uwY2Taz41jx/wh4c=":{"valueMac":{"type":"Buffer","data":"A+KgpwehJ4L2Z/iZ2isvtCbwfwIIpsvYu+qsyrlzNyc="}},"vAgRYizQSu3DJ6e3LgK2KGdsCxJkFSnS6i78TgiWKOc=":{"valueMac":{"type":"Buffer","data":"sc6PrqkUU6or6LKk1lIJAAEOwC3KhaYHI0xKd6gurZY="}},"vjOJAg0IU++QQTG7abFMuueDN6OIwu5oD6gQBJR2d6g=":{"valueMac":{"type":"Buffer","data":"ZTKhMPfZANmNBGSDCMWTAo0bSeEWI4p+v/bTdwJy8hc="}},"vued88yY8NLY6qFE1vPGbSFVJ0p8V4CVjjgU7UzgCNQ=":{"valueMac":{"type":"Buffer","data":"YuCwyngtgEfmBUTC5hpt1iQf9oEwJxa42+ErLoHeToI="}},"wEY9uyYlCHfkK+tiUDCUUwm/nQQ7Fw1gBrUwUKpAObs=":{"valueMac":{"type":"Buffer","data":"qVvc3ENGUWB5vPAUNbx9IiJfPyya6Bu/YSvz3IPzZyw="}},"wr1dEnogdLaB1E8A/N/oEVV/TZUYkCIFIREYbPzpnVk=":{"valueMac":{"type":"Buffer","data":"b1rDhfbAQ2U7IPNFCJFToO3aKwVmZ3oOHkr3hQDRs/E="}},"wsszSxKiXxYdvqKmMJUALeI6FFB5wOLw6Wzq4PhpfTE=":{"valueMac":{"type":"Buffer","data":"SzrbUWOSKoM4QKTpCt2tCrdEZr5XfLzWheMpoXs53Pw="}},"wwj7pwSbDuRvlcVGB5F0lRmIGcsgL3M7ykzYNYZ3PvE=":{"valueMac":{"type":"Buffer","data":"0RrSgxmqI0Z/EchtwXilj3C/nhTBFN8YXZTH5dmk+28="}},"w9sco/N+eDDxWC0RTl5zM7yaw/vstfu2+JOA1YHedbE=":{"valueMac":{"type":"Buffer","data":"7myH2sPuvySrmRntsFj2s6SKWv8GP6oEINtXY/LVXRM="}},"w/cNmncNAnDeun+rD4n5ZKGKID/9ubMZkQmDXtG5sQ0=":{"valueMac":{"type":"Buffer","data":"LtkQgL1kR0BaUvkoFthXrRQTeiNhU9uxcupQjykMONY="}},"xCfeFPrygEpQtSrgEnt418Tldk+OzhNqsWWxjkWWlJY=":{"valueMac":{"type":"Buffer","data":"4ZO3hiQnRi+e6Sz+HEcMpfasBg/S++jslMb16RinPL4="}},"xDzLayGVnITpySL4bv9JN7m9CMSPaOd+Pi/f45R2Ba4=":{"valueMac":{"type":"Buffer","data":"Lt4gjCRd5Yh6OxT/uukoVla6Hf52D4YpAUU13YmSF3o="}},"xMGUIKLXYr0MF0lGJB50AOuUY09QV2rDFdLvTOiHxsQ=":{"valueMac":{"type":"Buffer","data":"gucVrmaBzk8FdXPFWUtP5YWxJq7s4GU3eSDxncczMzc="}},"xVH36RVcrrRtpdEywMrxSQX9N4TV44QdamWEqAkVpkc=":{"valueMac":{"type":"Buffer","data":"GgYxRnIbICxwMiLEVS8U41OOk2DRKvpKWerkKuU7CLU="}},"xfPqqdU3DLLULVFyzoj6rq6otIMF48AHDQtb3UUGZH8=":{"valueMac":{"type":"Buffer","data":"Cq/yKtd+GA9iLy9N3WIZmo9noy2iikIUwe6MT8+H6bM="}},"yWYADOu/+fh5VS5/dvxzM81lJ5dVjsz1gTWXtpZRb2s=":{"valueMac":{"type":"Buffer","data":"pRyTnWbkKYNGW9BFq1Bqzl04o9oF88kJVOQJhXl/xRA="}},"ygjPC8tzP8wCZJTx1uLqQsEi7Tsh7w/Q3n544Uz1KoA=":{"valueMac":{"type":"Buffer","data":"E9lpoFU9VfzTYThGWjdUwgJb+0kF9Ezecw+pS2o9cBw="}},"y1/XOyVFtCUlYvSkf6G0FUFVCsTUyWfZ3GdbVfTk/5U=":{"valueMac":{"type":"Buffer","data":"ONygm1lrK1tOL5jXsSx36tgw+Co5rm4GDQuuDO+MN74="}},"0XudJj3V1b/JLcUXB2ZuaM3pkTUgGq2toUViDXZs9OI=":{"valueMac":{"type":"Buffer","data":"0fxZ/YqQa4VkpnTCntb+woWIPDEtJhJyt/BenM6znLk="}},"0aESqkdgm3yE4zOsk+bTlwCcLJpNPcDbj9+R8Y+ZJd8=":{"valueMac":{"type":"Buffer","data":"KZAQwv2JutLePWwk64P616YecFHLjIM7ds8r+Dcl9Vw="}},"0kfSWcejYXT19tWJfKM/0+0Q4LXG14f0at8e7gKuniE=":{"valueMac":{"type":"Buffer","data":"+T4cJAHPJtNRqaOTYA+9bnH9HKTVjjRP7D3Yizze8IA="}},"0mdClXCF5FYEovNBsOUvrQLlawfyH7RfDDHK4N6YOgw=":{"valueMac":{"type":"Buffer","data":"32K1VLVWmK0NHMfKbb3/CsVbad2QdfQN80wclGvEoEA="}},"1aPqrgRZD/6px1H44sTwQ3ulWxcD2Nn5mEcutD35sVI=":{"valueMac":{"type":"Buffer","data":"dfrNwPyUiSU04ZN5SqgsJK1iThQflZ+3k4nMIbdDAYk="}},"1c02PD2WsX4DA2xFy6iTmfLRHrQ3qlLNsck7Hz8yhvg=":{"valueMac":{"type":"Buffer","data":"aPiHSGdCupvdw3YM1exZ2xJrWxkh5G/AEjqHFXJhbXk="}},"16KIW6dKGqFsWvq8AHBfp8mH0UMLkPFPSL5PWfZc/fU=":{"valueMac":{"type":"Buffer","data":"lBqLtebvKci7usi66e/rdvdqIc7Gf7pp/Wq2QV5i/CU="}},"2WCg8fiImqblREoKtpbqeQSc5Uzx+nWFQbeGj7aasE0=":{"valueMac":{"type":"Buffer","data":"3y1IRCyKHu+/45VJpReDn0vBn520Km1e9e6j/ZBe6L8="}},"3Y4YNMF9r6Ejw3MAfQES9JN0otvAV8EPwkyF127l03E=":{"valueMac":{"type":"Buffer","data":"KVl6Ur9DFTjrnowDrkJvv7rUc8ok6EOWrTmJPHfnyME="}},"3c/RbtMPZTyGn0UVPrFCgadKm4wxtgMnFas1wFjGu0E=":{"valueMac":{"type":"Buffer","data":"GqNTh2m5kByiYNj5LfcitQVRj5OWsofGrzDs5/wB1Ho="}},"3tsdoedrTbcQGtES+pW/v6gKmjaNNSB5sGfM8twVr6o=":{"valueMac":{"type":"Buffer","data":"9eMBRoGac0S15cyLqWSpUbz46sKD90u7mD/xUXpNaOA="}},"31niTDa068G3llNOB2ONpwsjvvN0dW3jQ9Xw/MsPacY=":{"valueMac":{"type":"Buffer","data":"ZbzGdsvBEqUNKfpB1Ydo52fzR6ZLTt9HuZamw1Ulcjs="}},"36K1o2qF9pIjAManmeLzizWSMjlY9fQozkY1G5OcS6w=":{"valueMac":{"type":"Buffer","data":"l2fATiMQVnlsQG5sXw/tc1rw8uJINkurOQApc5RaMwk="}},"4msDrP309YeEzU0S/XXX1XAhjPzE52jyY3KaKi8v2QM=":{"valueMac":{"type":"Buffer","data":"NWQSVbGh5pjvffvEbQiZEDi4ZHBDh2jRnmtf8n80I0w="}},"4o89YdjjkvI//VDayc3epoe2smVLmYU/3ZcwSAfwZu8=":{"valueMac":{"type":"Buffer","data":"77wq/cgXMS5H24rrwDXmzEAQXS2vWpSDkdsg/6nF9fk="}},"49MtzKAEh+jYSzyJM8Y48ykX7kcWkSWCKse433ibq2o=":{"valueMac":{"type":"Buffer","data":"70oN22M0ZF5pmCdifQH/TbrE+7/1EdaU2dHC6c6WVDM="}},"5b90oMZiecGQHVGVYFWy5HEy6Oyfrmeh2ogIWfKUSQg=":{"valueMac":{"type":"Buffer","data":"8tHlmGEG/JSLWdaZzRVRkarIYJodp8u14yTN1MTXJaE="}},"569NrMwnhiBgeWRieO58OOBlYirBzGvXkIMN5BC2Fnk=":{"valueMac":{"type":"Buffer","data":"Fdog5GAQkxtGYzL71IrRlKMS6vT2h8IbmCNtIcUKdAw="}},"57Q29VqwxFMdUdGisbd/XRd/VDD6wxPXZeoDDxR2A68=":{"valueMac":{"type":"Buffer","data":"T+rFHSlTMpemolKrUgntBZnGLk831eMn3nKrtgxRBNk="}},"6TItlTefsQs4IEDLNQRZZmGSmsZw0dfnKQC5QPCkElA=":{"valueMac":{"type":"Buffer","data":"B1B/8KzzLNhg4TvjFs5fl24yVpvYa4IZx4WJAfRZKzk="}},"6TetmiIrOMIRjmxzDPMcQety4fjsYbSKYtaO1SCtCgM=":{"valueMac":{"type":"Buffer","data":"PUa/bFPRqRm0TtEjzpKnHebJRQH3IaoT1YTMW4nAlrY="}},"6fNf3ZIG51GXa7hrh8EQmEvHnEw/EXCcw1W4qEoPkXQ=":{"valueMac":{"type":"Buffer","data":"PGYa2a5JlXaCYPjJBRQZGaxqqBv3++Z9W9q/gNH8Xwo="}},"6hbOw82vgwdo6k9q7m6yVs/M7PUBPkWjWUqagT7zikk=":{"valueMac":{"type":"Buffer","data":"FnHyygnzI8gW7nIxdUrfwnZAN1z89wcNA4V/a0tpjrI="}},"6hrvZVk/QBV/gcKITA4YENPrfPWcvQksER04qU/p7Fg=":{"valueMac":{"type":"Buffer","data":"GdV1mU8fPIoC9Th+E3qiGDVv2D4X3BsxKHQfeceLAZM="}},"6lEodiUBqgufb5NfxnLJYrmtjmhvqX86zgbgckFZCNI=":{"valueMac":{"type":"Buffer","data":"aN5C7sjCHgOToEusLf51fM8NVa0T1tALN8/puyF7Vvg="}},"6lYRQkbYzwxtdZM9jlmK6ihCiiWjEBOJMHvltBfZpJA=":{"valueMac":{"type":"Buffer","data":"na/rinCsJN6xjZFJRCKRONd37xUnl72GXYH5rmpX+Wo="}},"7Dy3lebWGLDEdJ7vYPT1hXlKsUspRTdytbtku9s2YJo=":{"valueMac":{"type":"Buffer","data":"4sB1My+J+0ihCMkvj020cCpPo/04c+EW8nEXEBAFB2g="}},"7PtOulVNLSY8Pogg4Sn0lpq4yTP67LOtei33cYYiKUU=":{"valueMac":{"type":"Buffer","data":"+6Ihx5KbqiPwsb/5IE5uSMsxXbETC25DtiZ0Jz7Uugo="}},"7V43DDS9eq3OL9SwUy5M8NxNNg2GJ4rRyhAKYKNd/rg=":{"valueMac":{"type":"Buffer","data":"jK7cmz4SCbt6T25+Sw/RFGFzcytlLxf0i0GMlQDNkfw="}},"7a0AOOfejOr8iuzD4ygeCPEf5jX1o22EObb+w9lgUZs=":{"valueMac":{"type":"Buffer","data":"FthTGRgneL1DBb4AeyK+084tefhdUNyXfJsnHTZOWgw="}},"7faxPVIjixrYBq8c9hRGUdCd2dglB/B8n5Tt3kwGVr8=":{"valueMac":{"type":"Buffer","data":"U0J1lUsHSNJIPi8TJpzyZnl06T26IozsPMx5cBRTmd0="}},"7+HkhDc3aHOEX3tioIU/zINHq8fITmDla0VumqufVnk=":{"valueMac":{"type":"Buffer","data":"Meq2dGge0W812l1yT1e91NQ/wyjuZGmE8kyMR2XcZH8="}},"8EwESWQnUbM64PCJEUgJwlNoHR1+Mg0mvZCCRZSppdM=":{"valueMac":{"type":"Buffer","data":"5ZTpIFcBm8Cuszv4YFeZdR8KQWiwI4tAJwyDytu0JsY="}},"8FI7ECC10LDyJ8EMn67S6RYnzT6m7Mcn5aNEiuq0GJ0=":{"valueMac":{"type":"Buffer","data":"ROzaP6iYKOuf5YxiFIZlO/UQe4cL53Gh9xCmYIesUWY="}},"8dLFE6x+pjZa4fzeRXWoNgjOr5KK+0Zfg/iHl7KbwDU=":{"valueMac":{"type":"Buffer","data":"9+xpTBXfQRP1MorpXLZ2n6OfIzR7OOH3lwFP2zXQ/Fw="}},"8l2U4v7FnH1tEno8PDpT6vkWS/zLHvLH198qd9TBsY4=":{"valueMac":{"type":"Buffer","data":"L3YXY+58ULao9ji6THU7cvXWHPexmMiQp5kRxDTtvK4="}},"8r84qIw2Y4wDhWrCaTF7qy3dQ+DjC/QcIMpTFdu9zQU=":{"valueMac":{"type":"Buffer","data":"O8IvCO3U+CfqzmRiD22il67a0h4eOLxg2afXDiy+SzI="}},"8vfeiwR/p/PzCbTQnbCYh14ryGwafuCRe+6L7pupO04=":{"valueMac":{"type":"Buffer","data":"bFgD7LhoDev8wjQsdOoAe9vDMz202TXaSL7XKaFQSNg="}},"88XxP32cwZvq6SoxPA20TzJmFb9JhfEIdHq85CIeRLE=":{"valueMac":{"type":"Buffer","data":"Zs4bh39ROQHDPVIVbQ9ed2ePx/SC8QhoU5q5CnW5UHo="}},"9KarplgsQ/4oonnmODS9FYYhZ9mve6yPMSiW/BYX9CQ=":{"valueMac":{"type":"Buffer","data":"K1BuO1z3lqNCobz2KWDwk0TBHeaOmj0NtFAHGuyYebg="}},"9Q9jpYkEHAyjGlxbzqJnfMvRRMn8gGxhIdFrcTeIPfY=":{"valueMac":{"type":"Buffer","data":"ciJO+E1A/ZFkcdgGcHzeUERedxuS5ihDTfJe3Z/GZsM="}},"9VaZUD391XS8umnlJVEalBz/yh0mmHTRkSx48sXZwgk=":{"valueMac":{"type":"Buffer","data":"TrL1Q67widt6vL9mpFvb0843XccLuG3kQDrLGvkqLJE="}},"9dBJ7T7htNACBrtZaOSjciI6cFitlG9bNeRmunR1pVk=":{"valueMac":{"type":"Buffer","data":"RcSnv8JBOpSg0AxWq+fGmWMKrnsbBNBnR4tvTtncwDw="}},"9mV9VtWaVQpbkR+uX0TiQFFlCGfGTrtjF7YN24kNug8=":{"valueMac":{"type":"Buffer","data":"P4sHj1fRZdUQoUlixK83ReURdl7bYpKekquBSSnpeZg="}},"9pSErDOUPUgw9ET7P73xTVwhr87L56QU7C/wfACL2fI=":{"valueMac":{"type":"Buffer","data":"//9xGJJaBbBN+jnSF9qrbVu72lSw/hhSdlyokkW/mD8="}},"9t5VGTvxdGEE/546KBEe7sdEI3JxZVy5U6L/GRUU5dU=":{"valueMac":{"type":"Buffer","data":"O69DGyyG+JsMqPF+oO6+9Yf3JI6UMz0bsZkSpEDqaa4="}},"9xSvKr1YUTNeaTz3CTgBW54gyp/97UNa8igTmd1iiJA=":{"valueMac":{"type":"Buffer","data":"PkYvoHunjxMUIxA6YL6MR6db7wMxkQUWwJP/U9hFS90="}},"946dvUVnJ2LrWfBKXVge5bPueQjuDHplvqHlni0im8Y=":{"valueMac":{"type":"Buffer","data":"78yHEYMSSNJxZ7mDJtoXUaUqVLpb3LmXkLeJyAEKp0w="}},"96p26fg4Y5o2hlwp6L5zRTkDr8y8Dg1UW6DfkiX1Y+E=":{"valueMac":{"type":"Buffer","data":"O/hyYgV+P7AdZ3JjbP2gmuEVLRzShpiVyigzKzpnTAk="}},"+zD8z9LRZ7PR+wuyu3zsbXNG6+J09eZZ39yKB0m5Fc4=":{"valueMac":{"type":"Buffer","data":"jl6Y7mKsyBeG6E2inPcS0tIciBlSH+eHxuzQEW8BaJQ="}},"/N28IL0KvuEbDbI+1KYPRjkyXoki1Obq06VTP8nHjDc=":{"valueMac":{"type":"Buffer","data":"STzvwHvvoQgOY9b9g8dLS6ZeJp85OuBIhL/9DlEZP64="}},"/kSQ7UqaPBE1dMTvgEbNZSnpwccfk5GDbfY+cKzpnM8=":{"valueMac":{"type":"Buffer","data":"5izfv+lLYZyjjZVb+Lh2cdSXK88uofN1HSAsuGhJOPM="}},"/2XYsD4cCPlOIwucbn2EDvdFaIxW3LKt/Wam2MLixXE=":{"valueMac":{"type":"Buffer","data":"GbaR6YF5CZotIIT6pI+sm9X9xizox9oZNA/DGQHldPM="}}}}