{"version":1729,"hash":{"type":"Buffer","data":"QqJBJxjJf5/QbdJjXM9YZp8K1duwPix1ckiDohQYBV8bFcxiVhc9uB3Iw1fizlG/64ygZbAL6W40lBoH+RE6SKtF3XZMuOZkgWjf6FRU/uTvsXA/3pmtWR5ze776u8PFNcYAIocKHNzFrfVz3FvryeYFnn4nvGp2OnW9aDcV0qw="},"indexValueMap":{"ABr19W0JLt1+fA72e8MbeDmKBmy9INiDEoa1FkQDNQM=":{"valueMac":{"type":"Buffer","data":"rK99OfmyIn5D2rpxeR0IzGucadU7RX3W50+HlsmAQ8M="}},"APYbDEOGopznTB1sNE+kiiazt456NXIsfG8TSAZqKIU=":{"valueMac":{"type":"Buffer","data":"vrD2d3fZEXdMnyK4+j2zdVyMnkBXjKRgCXFJ4wZLCRM="}},"AeS1YYwTeWgoqYp7pAVW00LYI9ynBenNVHE5We+iPR8=":{"valueMac":{"type":"Buffer","data":"vGRk6bfBU7E43++RCXauCXlczViiSgH3oXD5UT2urO8="}},"AjFaTHKEzzfZ4DKSdvBFupl0ZO5VpAbfibIiVKgSWBQ=":{"valueMac":{"type":"Buffer","data":"7Q/5dWeTaRoUGaHPeFWhLaqmO90dPZ9ORa+c7okJv/s="}},"AqUs3g8c1WeZznW692yPfk146xVamo/7q5/O91TkzEw=":{"valueMac":{"type":"Buffer","data":"tJoDzRFdZjBw/gLhDoIgEVXA6wno9Z9AH7XvGC/v4yw="}},"AtWcF+qg38CNkaCK0cqSODc7k8DERVzsQ5pNQ8TuLvM=":{"valueMac":{"type":"Buffer","data":"E0L8+0DzAx1wCZjhoENf0wNBy1mX4QhLdUfa5VouP3k="}},"A0aBdGWj0EZHMJf6U0SqdyUKSX2c159rPOQB7rpPYbg=":{"valueMac":{"type":"Buffer","data":"hEkrO4g5oGDVCJcFzEvybYn/Yws9ht6u+rJevIR2N8I="}},"BDIfchYShcF+fxUfqrOfVr988Eu6FE14R7AvmHj6dW8=":{"valueMac":{"type":"Buffer","data":"s0VAn+Cg7oqtvecLf+oT/RBALQ7faPALXB5fj4qKhLc="}},"BJY16P1fPD8X/YZdgyrTzManKKicRa1C+rj9N5jAghU=":{"valueMac":{"type":"Buffer","data":"9YljKxMUY7x4XCv0WhU4cjn9sX0HFUzixgq3e/3CQbs="}},"BSmuh3YGvi0MXqlr4RssBkvh3b5vtqQ2o8p77GOS7AI=":{"valueMac":{"type":"Buffer","data":"ry4QBprPLfNgYh+LjQopAJ2/KA0KsUNIGBludcQad3k="}},"B4dXxfe/DdQDy2o3LD0bmXB/gR0ZXa8Dh8bAghAVDc8=":{"valueMac":{"type":"Buffer","data":"yz3yVKO867J11qpGfly2s6Ede7xmiTfAuzUdbUN/+hI="}},"CLYUicnUCls8YY2QqYYDDIJHjnfwZbgHfwQkkObqrwg=":{"valueMac":{"type":"Buffer","data":"Tg6o/3hdf3UUPQY6yj+lEMqim9EfOP8e3OVt3BETykQ="}},"CtaHK7cBZKI3dCbNzcjXYNMs2u5RgoIg6rDHDzxE/oI=":{"valueMac":{"type":"Buffer","data":"V+E3xHAg/SkClvYZOq1Lu+IRy+WLEYLtkCM5Sn63OJw="}},"CwbeP26TK9JScYuQYA56I8zNDPcqv/6jOTFj0YSHgmY=":{"valueMac":{"type":"Buffer","data":"a+qNKs/41ulDGUNaQIyMSmk/VvcBPzGRHqxIuFepjDk="}},"CxqbF9MwTNSPSaN9XmhxCSW80EFC2mA51mwXAp0FRCU=":{"valueMac":{"type":"Buffer","data":"MkH949cTRN0lgUz6rl6ftb6GhUSc/zqgP8XODW6FMPw="}},"DCOqiQIGvHv7JYbxAClONLHiiiXgxYlQAiab6bq04ec=":{"valueMac":{"type":"Buffer","data":"B19IihivGies7s7oiSzIg6LdpjNwm1b1kXc8JvM3GW4="}},"DHjg4Cp6wZIz84iJkD2b2ada8fck7TCamd++goGOlpk=":{"valueMac":{"type":"Buffer","data":"0lc0WKo8MEuZ/mXl/AYP8YzjGsD1U7grqfSlB1c0rv0="}},"DTvGxr27f9bzeEc2sLq6+y2mQDuje5Ry2UNxf2ZT/HY=":{"valueMac":{"type":"Buffer","data":"ZNR88oHdY66OeX5guaOwh7jvxH3JCfoHk4/fQX90b9U="}},"DkAVMm3yb92SWegMIYyFBb6nWD0MQKlWHrCt4otTS2A=":{"valueMac":{"type":"Buffer","data":"BDHyUHaotQZDNfn1UMpuxyw40zHkuvQOeaWELQTTBls="}},"Dw1fx+F+Yz/kFwy6ldN5GVHMKXz2VyKRovSaTP5Ha/8=":{"valueMac":{"type":"Buffer","data":"1U3LUhVmR2RP0GUxBtAzkWsBJ72khpzbI6HI5f9Ubww="}},"EU+GIQg2IOycFkkpED++7dAVWPCqtHAlOK8S1/cKWJY=":{"valueMac":{"type":"Buffer","data":"CboDwLqyhYUzs8GctXSC+/b2n9oBOpT9V9R/j27gTCU="}},"EkE9cubaGD7D/wJGVNNaPRXX22130+V9Fosm0T1byMg=":{"valueMac":{"type":"Buffer","data":"XLOBO0IHYxmuNNZRLILWTMDv3HlAJR1p45MH3LNG/Fw="}},"Ezt0jCtbj/jgCEVQBPi5mQ7aCNzjDgaAPrz3Qp8UR+A=":{"valueMac":{"type":"Buffer","data":"/5xmiraxxfhx8hUpyiEJKNBlNSHU3XT64/cz1/1r2+8="}},"FqXpr7OKV7J7gApr3hJxkpbq5rQZg0gPTyMCL8xIKtM=":{"valueMac":{"type":"Buffer","data":"P24o9V54y5+Ye5OHzPNK6pFnzx/5eYM+gfC4XR3twgg="}},"Fz6FHY4NE7Egv6W4tlXev5iuZ/owmF4PTEJDUdpP2Bw=":{"valueMac":{"type":"Buffer","data":"b+k09zZwn1cPeYhRY0QyGDpCm/TpeIvE6IPiUbJjE0g="}},"F5NWT1m0D5RG9Ag8h4KJ17+IfWk4StMwZrxh78iuP1I=":{"valueMac":{"type":"Buffer","data":"LycKptH1Gwwx4QATCntLEn9QTGoA1m7MNvBG19plfqE="}},"GaaSPxaQvJdTAqus8QZBuLfgp27Z5vaHl9e5T4gUgvk=":{"valueMac":{"type":"Buffer","data":"x2FO6izAwYTsv2NZf/nNQ6wkbjULrkPj4XfW+Ok8HBs="}},"HDtWkN4M2VGT2PqTAUGk2lN6DZz4uNEPSHktGR55Gxk=":{"valueMac":{"type":"Buffer","data":"/PgNkz2bHran997wJICP0EHTkJY6C0mDiCT52XFCKKQ="}},"HkN0+sgRJHJ8hQfq/VyuOgMI64awcrYlY77+EmCYLwE=":{"valueMac":{"type":"Buffer","data":"H+JRb9ERjtth7XQNz5BC4ZEqUstU2PGmdWg3w/SJdd0="}},"Ht4N7Epzk2DK2ZYgc+3v5nv4XD/BcepfUZsXZyeMi+g=":{"valueMac":{"type":"Buffer","data":"kF7ovbAZbsDiHwAwPModtt308tJsxWwbmvx8OwOntDA="}},"IaaJOqWU8QrjVsYda+OM/cOoA15Y/k1OJyoEUyZSHt8=":{"valueMac":{"type":"Buffer","data":"/YG0BEJE5+tBGY9RYpPQJ6aGwJkS6PXZfYu2vm5gda0="}},"IbfTNYKm2GGtF/9rC0TERe94b0EptNehwG/1eLD3IN0=":{"valueMac":{"type":"Buffer","data":"/e1GQaZEFu2M+FpGtKQWDPpvU6CVnk6M+PLzJMDVwt4="}},"IgzM0CJQWx4vedFLBYiZBW2lgOyV+Zozgf6sPcT2MlI=":{"valueMac":{"type":"Buffer","data":"4BO7p7Rkx9/NUiMzO6wcT7c/X3cva3qrZWFFvc+4euY="}},"ImTLBQGX3OoB7HocsuDlI5w1GBx1rwuFBqFWUYXUElQ=":{"valueMac":{"type":"Buffer","data":"P6+U3M+UCsTeXB6da0XqNoAC8Y3ihjDAZAc40/n+NQc="}},"IpjBrCRd/nar2B4kN0/HfBTqygNI9zU7dEsIjrM3uLU=":{"valueMac":{"type":"Buffer","data":"rMXjCz6YguP/dM69eif93BB9kZbvqyMJysDMiozN7xs="}},"It8VidYpYrUihSUpRLtBh6XvoJRiyPgCt/q2WzrO38E=":{"valueMac":{"type":"Buffer","data":"o1YdpHOREzODvIheiaiePFlWDPZEAjIJiR6Lx6tGOG0="}},"JCi1ne2DZkFbxVNSjA6iRnbB07c8TUzsGdVf3BUu48o=":{"valueMac":{"type":"Buffer","data":"jvAPwZTAMBxS27aDMht2KSaboV1GtG2e/qE4/21owAI="}},"JbaXYDnOlX576i+MU0thsZYMPVE60vxccAA6hR7PBQQ=":{"valueMac":{"type":"Buffer","data":"ZR0CWbD9Qd/jEhtb5xfNNcsmzylAZ5SyjkN0QChzDfI="}},"JidM9RBYrCXhUhFjPUNW+VpY4oF3O6ItsWr9N0VLE6c=":{"valueMac":{"type":"Buffer","data":"FZb9gxZY+ZXQaYdEs+LEChafQj2fuqTuZsqOcnI9nkE="}},"JjgC1SXPo2zsUOon3RjrN46Yhk6q8RW145IRg8xWUi4=":{"valueMac":{"type":"Buffer","data":"wmRecHeEt8GEGF/DtGHNPi0Xsoi/VvF5Sqp/AaMZUeU="}},"KEoL/i9DafYzsrpTUDsiq+gq+IHBeRKokzoeuoDTdEA=":{"valueMac":{"type":"Buffer","data":"QDZCiYj8GGtMFEPPZNG3N592P/oLL22aJr7zQiP4h9s="}},"K3wAqND41UA2xjMV6Fs3FvUIykReG+KdUIBENzqkJdo=":{"valueMac":{"type":"Buffer","data":"nAGs5BWYM3JblJQsf/MfRFwnSZioBHrrcSTHCyEeiBY="}},"LE7ULNh6aK8fzVoHnw7167DpOEs2n7JpVu0tTT62y5Y=":{"valueMac":{"type":"Buffer","data":"5w6BKGABTwrzRHHrbzoKSNbG+ZxyMbBME9I7bB3kEao="}},"LTMJvqOllMa8oupIEoaNCBPc1RxHqD7LrLYWZsKgxTk=":{"valueMac":{"type":"Buffer","data":"/GZu2/TuC4xyb0+akOiYUY7N6vn8BUk6w2tgI1M6hTs="}},"Lfz8Kwh/AleVuFkcVa2mUcfXFzxX81NTtUqap5cb+Dg=":{"valueMac":{"type":"Buffer","data":"WQXJ/3ybZeUGcOH26P/czpizsoz5XUCIR6exWvL9OKY="}},"L6rkvi8NizRqXV1sXOcSVCG0d5pR/LZgtDJcUVcGsCU=":{"valueMac":{"type":"Buffer","data":"VX8VdZXfWU9Iy81hZ0mEOHmwfUtd+w/BG5QZChl7bJo="}},"MHjtZLS5Vt1S82NlQUBD2CPnZ6qJgPndyhRKN3kGN7o=":{"valueMac":{"type":"Buffer","data":"tHlnjUxFf82rLl+zwFNOdXvAtn/mdzldo4Ngs2Yy9vk="}},"MQUX96fB27zHi+c07hPBhQHxjsOSaKuMO+V8bkPuUnc=":{"valueMac":{"type":"Buffer","data":"4hejeJIuCbldP/IEig3ScWB12uo2m7On6ELrkSITneQ="}},"MZLpf5qfL9vvZVHHmof1ZebKj1rgkN3ZCIX8RhCjj9U=":{"valueMac":{"type":"Buffer","data":"tyKbckfZ+Ehp2zaTFb+2Q3yItuqCXlAC/taaEY8WZJk="}},"Mfxr/MytJdY924xbajIikfiMK7m8Waz2gB4d7OEH0Vg=":{"valueMac":{"type":"Buffer","data":"SCVBiuUsc3xP3r3Ehel6SW28OC73Wix8n43Qee+8UwE="}},"NNVNPNAJaSVZQdliHpgyxj7sNa1yP5PXDdoxMiBRy4I=":{"valueMac":{"type":"Buffer","data":"QopfHe0Kw/AnB5m/W+2qm7rHkvzzEFgAlKjoh+xHYyc="}},"NRHRy8La2Q0p4QE9wPj2oIL8goC7PgbFoTlgEYAtKGQ=":{"valueMac":{"type":"Buffer","data":"F7VcMPKXrUkD0zilUTP+zGYGNKzQJAfLXAyGuPXtlO8="}},"NVeHkBhAoD9eNKE/Qj5GloIqqFF575g4A4S2WWMbNmQ=":{"valueMac":{"type":"Buffer","data":"7k79D8rP30y/q6UvZRmVHWh5Ty3z3eCvZrmniyo228E="}},"NcGxeOTZh1vcEsek38pjK3XupQmQylHHwofLAS+McTQ=":{"valueMac":{"type":"Buffer","data":"Le+oYon64kqCryPmXrbcGr2bHYFj1IWet5FCoysrIV0="}},"N1R68bcn7b5KzS0PZeeE01nPHITiPD4Pb4WBgBZ/7E4=":{"valueMac":{"type":"Buffer","data":"Po+UqV5DGA5lbIEGO57lIXZs3qpr0h/Rj4i9jqTpSRs="}},"N1bmj+063u78MvYgpE70NOmeTnHn23j2rWyCyPQBpB8=":{"valueMac":{"type":"Buffer","data":"JJhXs2tAw7BFUHaHsY7mhJGjgBx5arbDYmHVPvLHA6Y="}},"OL8sQAkVYArLzzGyx+jx0u3/4c9Npur56J4c7PTtcco=":{"valueMac":{"type":"Buffer","data":"4eNa1uVPJ2uW+6xeMrdtfKXjYtFtZkJ7hkBUgrakgvo="}},"Opa7zcd8Wdez4NFa9IYI2DEAjGkJtcO1GQbsiFfCsZw=":{"valueMac":{"type":"Buffer","data":"U7t7wYFQcbaaLj4rURTzyEjyrOguYfwkMwExZ4qRRE4="}},"OvHCskJIkrT7TH7usu/USksmbHA9rDLZjQdAjYkXaqs=":{"valueMac":{"type":"Buffer","data":"UaXiqwpEiDbeNVeNVB1yQ5ggqp/N48sUffnqj0qIrSQ="}},"PyADPLWpnBT+z8+IEXKSk/4eFojEMkBOEjDfZ3nPqiQ=":{"valueMac":{"type":"Buffer","data":"I7nPODU8VfDw6p9klVTFq8GzjtbH3r2eu8qsGAHExs8="}},"P9xwKiez82dJrwbsJb23D5q0pGL7MpogdPDzuMZYDP0=":{"valueMac":{"type":"Buffer","data":"GfiZrW7Apv00Vz+Qy3S8VPlC5xFoK4ibgOK8RpUut/A="}},"P/2jx53bRa8Rnuoz/W0CwlyqYIf0fA4145OqHqws/NU=":{"valueMac":{"type":"Buffer","data":"C3ghI5g5VtOv8l+KaVkaz6nvKqwGbP7HMM5N+J5hlPM="}},"QFCrjnP8vJR51Q96aRg8hSy9j7dLSy9BtyFiYQC1wRw=":{"valueMac":{"type":"Buffer","data":"nCuJhrPDqhpUfmeFeT7EyGyclGlDlAQMyZhZIMYHJR0="}},"QfUa1gS5GNStMEkMLWhHJpQVJ9AMsVUt4yLULi7WyNo=":{"valueMac":{"type":"Buffer","data":"RlU2C9FoGH1+r8ZBYRJKe3m4X9j0P/wfe5RjtySiNq4="}},"QsQ5XAEUXzwMW8az0YINiIwi6XVVaA8uTa7es5M+l0g=":{"valueMac":{"type":"Buffer","data":"5Sv+9/+b2BnBziGxP9IUIEEWTT6nXf9vAdgEjv6PSTc="}},"Q5UPKVyX8wjW/P5Cm8OpLI7NLVP3n39I7n/QkUl9/3s=":{"valueMac":{"type":"Buffer","data":"qWvZ+xRS0NNjqf8dM+0rXpW6rNA8ZAQjPhVc6C+RTsI="}},"RBfZNivYycNGX6Yby4hBK9oq+EFg0cGZVy85pEVIYGg=":{"valueMac":{"type":"Buffer","data":"yLmTuSQK2AYSemE2fCvi7FXC8jEfNN09XeFig8sQ1RE="}},"RPGB1/OjEZCPtSFAikkMcIO1dS42oAtanDaFtN0THpI=":{"valueMac":{"type":"Buffer","data":"hP72RIMf01klk08fQYLR4zLqvKDRTbv6+uXlwVKJ2qk="}},"SAx+IGBtvLpwPOdfEWyoDMBuebgD22D0AAsf9KVf8Do=":{"valueMac":{"type":"Buffer","data":"q0T/OJHtdAkeq0RWTQ1/BbVJrI1ql3XxBdKk6bMODjI="}},"Slp9xpnwqVN2K7wpQruGcwXgcFDmnMhiHx75UGB3SWw=":{"valueMac":{"type":"Buffer","data":"Ee+2A6r+6Cd/j3s1OO3XMF2siCUqaUFWWwuzh3bzNjk="}},"TJninlCIbLDoZo9uQlV+xzk4qRBXFEIHsIoI8bizQp0=":{"valueMac":{"type":"Buffer","data":"AptmXLUbXzYxF3SQhDxFh5yfKMNaRylgLG8HJLB2lOk="}},"TugmR6MV5aQK70zXF+2pfNGLX5CGlVb5eLpCn8fy+FM=":{"valueMac":{"type":"Buffer","data":"X0tjDivYHiqz1v2SpChaH2Y1ZwMRMt4n4neugVknCeY="}},"T7fYTdfy9CPKnkl0CLuPLUaKd8dNWLiZnMNmloealro=":{"valueMac":{"type":"Buffer","data":"sWLZ14v2dy5JWtnErR27PqRMw6cv8h0Tkw48V9RYBLw="}},"T9YqWxR0U3I7tR9G39iopW3knfp8scBFu5/SU2EG2U4=":{"valueMac":{"type":"Buffer","data":"m5QkO6CWRTSW4Au/tBqiL5FAKy6Lk5pF6i/A/w8xg6w="}},"T+TpaTw/0oMTd80c9nsvPROUzI9Nmv0tvI/0BhHfCR8=":{"valueMac":{"type":"Buffer","data":"vM3Q8jgLLgYe6a8b8JnrZpfD6lNlqKylq5Gy0i/do9o="}},"UvFb0kbL9mqq8M5HbhvrzaHv/yxcAZWdSJhd6nJ4vV4=":{"valueMac":{"type":"Buffer","data":"cdYqa+AneXP31zKZK0YkbACI1asfdvi1ZjydezjkBbQ="}},"VmOuR8SyHVwsR+hIid0AMxZtw9sOLIULCzWaNB4oMBw=":{"valueMac":{"type":"Buffer","data":"CfTo2tEgHKOxsfLeipmoB0GNJPVIFBK9JpCUcmBOcdA="}},"Vz2em7KVrg5yZnw1HAejnQDL2lMLxfEDz74ieUkwiK0=":{"valueMac":{"type":"Buffer","data":"dM7xZyNR45QwRV77XgQ1fbcwdDrcbug/E+CVyvL8TjE="}},"V2wGpgrvTgE1xAGgidj44d4hCqUl2SphH5dtnFvdtFg=":{"valueMac":{"type":"Buffer","data":"1NjZEgmora9KTT2MM5MypoOS2vTTyz1uCUSWXgjt2QE="}},"WVioUSzB+mvsN3dipMM7dbULR0+bthgh3PMWSzKFOg4=":{"valueMac":{"type":"Buffer","data":"zE6NGt+M8ZTOow3n+RxGkDavG58dr/9+f8QMjWJZhgg="}},"WtLhery821AAKFhcoCM+6OBAO+C/cXb/KYcfaGRmncY=":{"valueMac":{"type":"Buffer","data":"BN9QCY/Yt8qIVfFgB6jks4h1XbM4Rsh5WoDS0TP2xJ8="}},"XFZqeyPEg+drnAfxl8up/aR5D19PAUdq362jz5vY5j4=":{"valueMac":{"type":"Buffer","data":"Ylyef6Xnbl+BcGoDiZrT4gN0qCuzh+QjUAtKZ8TqNNY="}},"XLdM2F/ALfZUjtH/v1fdVJ6klLCGlu0Put5tnsOBAXM=":{"valueMac":{"type":"Buffer","data":"2B+bL9R40Sx0ksGH6kR/4pC6AEbRfBTU6m8eeM5MP4M="}},"XSfZqYoGb9cBjp1xyPvfhTkL8Zc0AcVH6LjZSZtuof8=":{"valueMac":{"type":"Buffer","data":"zmgEPEa2Tt0Mf8TlmZr3dqYIZriiTCkZ7GmZt9DEXUg="}},"XdXnpqNxa69Mqc4X0+kGFBqaru9eCnlbP89i+hTEiS8=":{"valueMac":{"type":"Buffer","data":"AGM+0pQ2HLm0QHRFx5FzXXg6vGsqitnNNyimaB5A6Os="}},"YJ6HzFIoASIRHelXLPoqbqd5TNTANNLNzzSYN8ivNsI=":{"valueMac":{"type":"Buffer","data":"iRaIqBup6eG7JnJWNZBywYzWnPB3R+eQqsCPP7x7QDc="}},"YYjRQX1zSxmB+DnXdrL7HBE8JMO7tg+xo+H80WFnRzY=":{"valueMac":{"type":"Buffer","data":"Rw2u7hPG4K/j8eY+9qzKXZs1dnK2+ovK5d1aDVDz/vo="}},"Y4ubT1jJN7q+Xa1yjlHnc8XyLRAs3Hwc8U1ONQkOVkU=":{"valueMac":{"type":"Buffer","data":"NMzIbLTbX6ZTCIueKOO0NcgPVPY6osik+UyQbD+yIJ4="}},"ZBT1v/7D1+G4KhN5iZeQNzYNLyc+JCxWh1lsPQqLiZM=":{"valueMac":{"type":"Buffer","data":"il1uMg01NknibS6z4YNJV5hinH0EKEWHZBYWFVrZueM="}},"Z+syonEWZIXtZK32ghh8JaEx/srQmv67hu+g8Hmc7Sc=":{"valueMac":{"type":"Buffer","data":"EsZ43H6+qA+3GOQOObgm39Kz1UjeZPlRByOzbYpVEpE="}},"aMvB933EP5Su++Fdjl/mQijNUDKOF8gpq0cDZBbuVTY=":{"valueMac":{"type":"Buffer","data":"KVuee7Ri8xzdKquQlhEAWVK7IYyW2wyhhCAPi76Y3nk="}},"aVdW2HH8YhfHEoXheS7CfqnDy6N4UvbIR+YuaV2/l2I=":{"valueMac":{"type":"Buffer","data":"VNX3S38s38/h8zv7SWsO4Ly+c9/QW5LBUizJEYmgImM="}},"ahw0f956gZaJVJ198xHK0BZZC74RDAH15H+d07j6/VI=":{"valueMac":{"type":"Buffer","data":"dLfp4cWPmmXZgeiwnXdnPig3kt7xYr74weICzlvYF10="}},"bYEQ1Zcav8xc0lkWatIZHsoUdLi6ExyVYLqonTdqI5U=":{"valueMac":{"type":"Buffer","data":"eA3WvN2e0JxdCheD7htHYtWBH9IbZz+2BGgOSK6OCqw="}},"cKn6vp1ZyeGDr/ekrnwTW1fL0HsUsk9WwgU1BGA3Xik=":{"valueMac":{"type":"Buffer","data":"2SqLAYQw3A18w6FAlRBo+nTHm3J+b+sRAPk8Z38PiRo="}},"cT0ki6Cf1acZXFv0+gxHwquTdnfEenepG4XynP1m69c=":{"valueMac":{"type":"Buffer","data":"ZzpHB4JOdqd7zx0jGWGUZ26jpNkgqY+oTREC7sn+Rk8="}},"cUYgM1l8cl8i/7pxaJ8CiyENm0GI1MAUVXn14cVUfck=":{"valueMac":{"type":"Buffer","data":"L+XJGS/c+VpCwb99MzsoldmYdJfvAOfgcbiK2uf+jiI="}},"dIcH5cKp09CsgsVO296Tcn/bHb92Uyc2OuNU41wtvFM=":{"valueMac":{"type":"Buffer","data":"df5pTkAE25pyOYSiztjdro3218wimGEDqLVG+4LG5AY="}},"drov/n7lejyAo8un5hmMgFzEOX6Ei/a45kwagZHslWk=":{"valueMac":{"type":"Buffer","data":"e/mLfqlAzJXg8sN7nCjmHvLPeZCFZrVj3van8eLUNxk="}},"d1ZQzxt27aBIpH6PS+RpYGW7+PTvLjnr0r68eZE5Xyc=":{"valueMac":{"type":"Buffer","data":"iRCOEV7H5u+b48u4zUWXs8wGdoSnlFbfmkUz3Yi+IM8="}},"d3Ce3OaQhDCfc60yqa1SMdvmyao1BRyEvv/ecbCsPI4=":{"valueMac":{"type":"Buffer","data":"/Vy/asFw8bZtrr3SkuykDEdxqYvM+NhyjwgA84n9dck="}},"d8xba5mi7q/JeKHbAxxR8GFocLmkPqECeiyuNiyJKIM=":{"valueMac":{"type":"Buffer","data":"xUwikC4RqKMjVQQmSyk8tmNoSrYbISo32BzE5wozwUw="}},"eFrV4/WuERCryFowhtzHGPk4FvKPAqJw9L4F0BWC1wU=":{"valueMac":{"type":"Buffer","data":"33Kl+0ZBJ/+sCrfnmaEzsdeRXGOlmY4T7400bn6M43U="}},"eP0Roh6vlbdZwVA1p94erEbnKbfaVb8wmd0W25r8atI=":{"valueMac":{"type":"Buffer","data":"LDnL29ZzVogdvOov/GkA277EHnTccjVoG5s9MdJ7/nY="}},"ehC6Dwpj1ho75N/4OiHcsZ5xRSEsAp3fY2rjrY1xNr4=":{"valueMac":{"type":"Buffer","data":"73TG4jsz7Q+Rz1B8ooKkDrp5G08gvxzFmOBfetR2nQg="}},"esG4UelvykE7uT9pnpjcEqhN80ObUpc77n20vg5YjSw=":{"valueMac":{"type":"Buffer","data":"ViiHgfJ5kzWoyEhxC7qhSMgIiruyxgJrq8Gt+37Gcf4="}},"evxFGuddw4ApK5+xgBciLzRyR5uqoSibcQc+GJQazR0=":{"valueMac":{"type":"Buffer","data":"C+GrXg6gVPln0Mw5P3ccVCQIRM9TGRQRepgXYrvyExA="}},"exX8eOwUZdcx8TKS3tdoOiplmL0tBpWA2cUrFqHPFj8=":{"valueMac":{"type":"Buffer","data":"YvPMQtS5avDTMjxSGlR+SsZmaEuqWUQmg6Rb9+B6h9I="}},"e6Pz8ZaHXZzgCTKFTYa7V3bJZevYRR1MSShI0cDswek=":{"valueMac":{"type":"Buffer","data":"VpZOxI0NdakWchUemp2nH5Wt99wHsaProuLTnde5GD0="}},"feg69pdrlf9vnHzwddRlNiqLJJJrzCaFOqVRxa46hvk=":{"valueMac":{"type":"Buffer","data":"SP30T0wwgqHcKkBkM09jTbNGrPAWJy2RSIjJtMqC6zw="}},"gLpjel2+jW3QR2j79dA7Hpg+EW3zIRIIBykrZ9v803g=":{"valueMac":{"type":"Buffer","data":"3RX1Vq8jbfFGuI34nRRuNFX1p46KpBD9ci+bQLSeWPA="}},"gR2icJ7BzKczlEi6uZn33fnjJKhiuthoZYXN/voTWUY=":{"valueMac":{"type":"Buffer","data":"r0w5/D9rvcgmNoX393puJUYsF2RpY3fTHNh5NUR0qW8="}},"hBXUj6PZQlhXL5hMW/5tCv3oqmB5dshnW0si0tS5Hh8=":{"valueMac":{"type":"Buffer","data":"5AGF9SatJCtn3rSlLVN4y0lHkQePTiLCN71g6l67NAk="}},"hNqGuyjbzNtXuocdhfxO2E7qsouGrknfUbL3RExK/OU=":{"valueMac":{"type":"Buffer","data":"nd7rx4vALIkAwnx6sOO/y853L16qEApV1rm+MfK81D8="}},"hP+E6ZF8pZjfYeZL+qx/3c5LHPpedNz+u1ZiJ2QAz/8=":{"valueMac":{"type":"Buffer","data":"Kgexf157nJ2YR3QzEFQVKafAJMsRtElYXw1yMvPi0j4="}},"hY06Fo+jQM7CBoDlMkwmckfcDXryumrPr+PO7MeHI/Y=":{"valueMac":{"type":"Buffer","data":"Pj8uc/M787WmJsjnfYtvL6+Q3PU46w+SDPJKXynDBIo="}},"iEdVNK/yPNciNahjlQWmlB/EgMR2ZaxPD7Li7sQaO5s=":{"valueMac":{"type":"Buffer","data":"iItD0X3yuXylvkE5tTJ1kQnFq/ulcyK4bpIXSp0YZAg="}},"iRhRQeYizw6AuT5JKTw5FFL0KCvGv0Dw0vqn4X7n1bI=":{"valueMac":{"type":"Buffer","data":"Zxhf8/jzgKj+mpU/Yn8XkRZqbJc7n1bvJM8GYio8ye4="}},"iUNkQ8hUhB2oUCYeVTU7Lp5OdvHxmCxlGEDZ08ic+70=":{"valueMac":{"type":"Buffer","data":"Kb/vjoAeABFU84TJcLYdAgHVbb91+XnMhb+tqYNKUP8="}},"itWDrm2sbwXL1BviMiIIOcUiLFB7FCPgtLIEeWmhR/M=":{"valueMac":{"type":"Buffer","data":"3g3w5K2gjz90FX8MvrViVD8DZ0+cwX6b1yhSydD1ShA="}},"i3KKrC8XrUVqeqCWXYT/OryQhk23ZMKw46Mr6Kjxeqs=":{"valueMac":{"type":"Buffer","data":"BO5EkGEQBcSbmLI5qYK/5qKnA3sozauAVEgfbDvr4I4="}},"jGNqXi+xHWxCrgqXh6CmegFmeBs7KkgbtsSdNerLUaQ=":{"valueMac":{"type":"Buffer","data":"YqZblQYmytZ3+kRBOrnv5bffxTftFOggz3Jjfzdb2yU="}},"jHfCUrkwTqdN9UdNmWuVLtxumHmD1TFbzAdM1KhJeYA=":{"valueMac":{"type":"Buffer","data":"fmb1VThbqG3RdXt1FsKOzcO05if+yU+qy9h20dCRIOk="}},"jU272vUzCn/eg0Bgt021McVysRXtTdqFIDzmbKOzZo0=":{"valueMac":{"type":"Buffer","data":"3+ckC6uixVYzUKkuNoAadwJwkvIh/Bkv8FMrEDR3gXw="}},"jf5sh/bo4ZzO9QP2AC/Bscvgmbab4pdLMrXMIOu55Qk=":{"valueMac":{"type":"Buffer","data":"vFU04YUCs8t5sJpmWc29ndRyuC/q3tIY+w47xQhr4Pk="}},"ju5XwacmEAYLkSA7HDuZWZd38h+oQ7FQ2wr2Y2Hbt5s=":{"valueMac":{"type":"Buffer","data":"SBh5aSJH4k/5E+Fnm923y+MRUcLUXRgGd0jmGL/gqzo="}},"j/TcwtjzrfnK+TZXATEQL2Ng0mdcWEBeSR6ORWz3PyI=":{"valueMac":{"type":"Buffer","data":"OS54/KyLWrZjZOGfAh8srlFxQtOGRKSiGd2vCBNxLnE="}},"kAQQklEXPAkgcSxDtiu7xlyC0KMJblBCOwybzOAvgaY=":{"valueMac":{"type":"Buffer","data":"TvmzNtfBM+IAv9X7vxOW9Ic2BVtd47SrLlIEJ2VvfQI="}},"kdN1Jja3dJNQ4qQJN+7NN6YPCJPrJOj95KkvWNcVghA=":{"valueMac":{"type":"Buffer","data":"Gc52C15N9FQ6qy9ad4NvhEYgZmdDxOKdbCidK1DtrrM="}},"kkmKSkqgJ07/XOzAQhD2bugbH51Er9WXAXOlkmYhG9E=":{"valueMac":{"type":"Buffer","data":"jyVvu4Pq9r+mYN3x8cIHp4VIyGqgRLWExrg6JUCCptA="}},"k+QP3bchckzNmf6lRs3vVyhMHO/M0Ypi76bnlMSeah8=":{"valueMac":{"type":"Buffer","data":"v9X02O59xDdrUiFH7O7/RiSWej1txhyeG/2szAlwhT8="}},"k+uUdWGgeFomgazq3cR9K86Ynznb47Rb4wugFBdZmHc=":{"valueMac":{"type":"Buffer","data":"JEIGcXMW+dSarw4MfzamArXgaaEtN2YNvjXO7TDEPaA="}},"lWwCKe3Gf6uDwNLKYYeyxGqK4ZVK2WhTYnEzG5Cp6SU=":{"valueMac":{"type":"Buffer","data":"8iO20M5FRzTW1VkTJXgZFjd0ZmcHM1xD4nsqoCbB47A="}},"lw1PyfY/wFN/kKimGPxYzMLnAesUqFKdZ2Rm1QLiYJs=":{"valueMac":{"type":"Buffer","data":"BeroJTyHd//dr4GoIxZfGAxHe4orhr4HqMECpnEJP2E="}},"mQ+YRaFsDEUsG+ll9kzLEVxfoXyY00fS/yeEMMNSaqw=":{"valueMac":{"type":"Buffer","data":"ik06cPfzAh+NPBfBk3lkuwLo/BdLuIZ5lygFHw3j7Hg="}},"mZEKp4KVzAWuujiVTK/iN5hV7oJOfa0GgiTQDtmmaHw=":{"valueMac":{"type":"Buffer","data":"O4jD3yO1QYLTkIwDp0HKnpkmRQZCyBXdM7X2qlOVDWU="}},"nFpsOxPVrGr1tCXtbkh9qwLpNHJVPD2jw43Y57h8OzQ=":{"valueMac":{"type":"Buffer","data":"ucPE2wdO0mE/0XX38Yx6wGGp9yqtfZlkHCe08MlYRS8="}},"nrx2vYVdc3ZFEwOMn2QSeiAanX1SYQHU22RuF6MwD0Q=":{"valueMac":{"type":"Buffer","data":"gXfL3IbKPcYrI2jQbWn8OCODqohsSJ3/R17I234cPHY="}},"oIeIw2yq4nZbxscDaR/JTo+bmPxBpqxIQyBJyXkgVGI=":{"valueMac":{"type":"Buffer","data":"+mUOTGUc+XtyaNb0CPlwUVN3OFHxBFy0GU2fHMIU4Iw="}},"oOznb3dU/BHHLkhylJPXAtomYvQetmwUJOHGrdrYm3w=":{"valueMac":{"type":"Buffer","data":"gZoLnCMWVlSIuUhoSLDUbib8v73ltYA7DDWcCdCtmzE="}},"oi9OBvYiab4Nuh3XvW2D4lWW2DJu0oros02gXRViuD8=":{"valueMac":{"type":"Buffer","data":"XMtW4aUGO0atxABVwvDBOxEdMmf4/8YRssOK5wIv9fE="}},"ovQ5+iH0ejEorJVyVLK5Xm3Ux7ekwFCPH7C2zCultwc=":{"valueMac":{"type":"Buffer","data":"x5IrQsoZP90v/C/vYw2hg4GB7WvZX6JYcRAAkHUkZoU="}},"owy8xgPjE3u7PSk+rtVOnmIDh1Td/CqfVjWudVLgjdU=":{"valueMac":{"type":"Buffer","data":"ZuUVTmeGYR/rstEV0oBkOBH++L/t5ortkKbi1LaEMh8="}},"pN4SMxWjSrfaVSgEQX3024VhYlCIHleRCNUgkA3Ltcc=":{"valueMac":{"type":"Buffer","data":"ZBppcr9/OBKxHyhato6vQ+eaiSxasy56wh9b87TRq5k="}},"qFe2/7N3H2k+TJLDRM+tFf3si3SrZvEpvjk0lwBUtts=":{"valueMac":{"type":"Buffer","data":"37IYtnxkpyddw1RP0KrYaDHsOLhe2iD8d4x5loby9Lw="}},"qP8HDP35lHboMyv1tWhXSoByaOuTZmZWS54Vp6vkxks=":{"valueMac":{"type":"Buffer","data":"TumuaS/QkNMrh2HQ7xC58qJaB1xzX5o3g4mgf7g810E="}},"qRQeLvQEwDGYvqva5wsvDoe8nAj3Rn153J1IoRvfcJI=":{"valueMac":{"type":"Buffer","data":"zGbO2WQuxTZF68wlwBf0OGQUXqagKwL/IrMqaocgWyI="}},"qWUP3NNM7bs/sO1jY1f/IDJXkB0Ygu1LtJr04nqYixk=":{"valueMac":{"type":"Buffer","data":"/v43jZplVJIJLMqPO62VkFuR8m643n0TapV+oEc2hGY="}},"qqrNlCMCoxT65C3SNaPT4LJeC1Pxzx3UGnzVUDxo+dQ=":{"valueMac":{"type":"Buffer","data":"QJxNjwh0q8LaJhiP2+8slmp0hGb7RGgalxQdAAv3wck="}},"qtXWzltoaAfgA9B0+nO4q2nWEfnHZT01SvEiLeSeMro=":{"valueMac":{"type":"Buffer","data":"KpPXwuqFYgbjVA3GvCl71jzAkqykQkEcFvHcgglLO38="}},"q8ztSaL01iSLhiqeqMawdOqyg2rOFanhFjx5aYK9QHA=":{"valueMac":{"type":"Buffer","data":"iLg6QZ79LPBJZk8o18P7PFkuBou9sfYl11tgQEX1GOQ="}},"rUAHHoRxEaXOGt+9/ia5ZhSYf+nMybWg39aSACNuG/g=":{"valueMac":{"type":"Buffer","data":"4oiB+HrSGi9SGazQ0R+MVjgPZySgthsxy8Ckpx00cLk="}},"rWRiX6cPwuOkTRIvAvE2GycPztACRwUPE+bOLc3u0a0=":{"valueMac":{"type":"Buffer","data":"wm/qGAbNavFtDmNNVWnb4eXW4UTCckJ1tK4ZYPjXtJE="}},"sFuMoKkl7THtODyi0EOjmkZXyUMq3GfwvolmFCrbAJM=":{"valueMac":{"type":"Buffer","data":"Ld2Jf7vsBTefQK0YwrJfd/CbMfsN5w5xt9GMvDQiBz4="}},"sqmdOmG8c4jbg6URMFvF9yfscpYldLrHvr3+T5LSfGA=":{"valueMac":{"type":"Buffer","data":"Uwcpu+szexJ7rgIM2TOgbYxDxqpDex3iK6vjg3dxSaE="}},"s9403D1IaWD1vz4w1Q1Qjw6yt5Wi8pNkrWTBxw9TVXM=":{"valueMac":{"type":"Buffer","data":"QpjQfNE9LN76l2ziJ6rsZUmMpXZ1ZYpZ3qGDT5E4QwY="}},"tAwP8FANSmiQFSpXm11i2ctQ4Taj7Oqjrs4x0O7QapQ=":{"valueMac":{"type":"Buffer","data":"bU/x9irWsHM5uOgnM5IFFR5B0McofK4Emf6m5IxhohU="}},"tD6Miul5YNYnm32bl8jA6AHb9Ah93lSaMTpFXCc2M5M=":{"valueMac":{"type":"Buffer","data":"hpEEmdtPtHuqO0jV/NfauDLeoTv1h6ioCimwzWaqAmw="}},"tc2oGFf4ZaNvyHuUMChfjL2nzd6+HMm8C4W2Kobr9to=":{"valueMac":{"type":"Buffer","data":"uHpFY1OqZql6nrS+bodDSvfgWXP2Q9OARY1QybdyWkw="}},"tsMZBcR002E7f2MYfgan6gQg5uqfdio7KQEql9boMcM=":{"valueMac":{"type":"Buffer","data":"yUUE2CZ4R3paW8w5LL25r14kU/PqI6vmCngQhrVDXvs="}},"tzPM1zPpGmqg2VhNWMJQ4CSpAY7mxjAiYEPheKRALjc=":{"valueMac":{"type":"Buffer","data":"trmKlophqJPWIevyrP1ctXivgOy9tDJZf99sE3LJW8I="}},"uFVZoxEraoDrAOtnaqzwjNDkoSt/dKkzU2y7QbJstDI=":{"valueMac":{"type":"Buffer","data":"GX2l/5D0MIe94XF141eCGzRUQb1/8QkNRgKul+DlZAc="}},"uceSw2zziTaReAMEw6eW3s6Y+qF6SvrPkMz4Z6/Z/eI=":{"valueMac":{"type":"Buffer","data":"5xd9VZVYeBKF/Adne/hoPCPXJmYKf/DDMHFOApwLhMY="}},"uye9N56ALrHFXchPTTytA6s2tMYB1D+J4YGdSoEOH6E=":{"valueMac":{"type":"Buffer","data":"FIKmucp0o+91tgqvapd3trdu43fPEcRAM1i8jjATe/c="}},"uz9pHTOIL9MgHR81F4qrDuzhHStjGnMq/830IVLrVoA=":{"valueMac":{"type":"Buffer","data":"fyhfj5Ds7/FAn1r5hWXKJCFW7z/QeTB7wozPtXToa2k="}},"vCBmLk7OyPbQPwak6MRf7KZoe4/mEbIv9YoaHLjerDU=":{"valueMac":{"type":"Buffer","data":"KmFd6pgBKeHLKabFMQANbYikR1EmKUuncgY5psaRQOU="}},"vUYNdKXEdpyyrr4jLG8T0SqqiGqeyh9r/duWLXx3Ux0=":{"valueMac":{"type":"Buffer","data":"I9Wcv3DaBHVoxRRh82JMdhSLW3KQxLCwwmgwCNYmEiE="}},"vqKrzJ69bkQ7V77LCXKHadzPesgPGgT7JMSxbZrY30Y=":{"valueMac":{"type":"Buffer","data":"WgwbvYStTr6W+vaFMvaNht8F4Kxz1uZ02Kbw6KVUUEQ="}},"vqs5Fgoxw+WiO2+drjRd3G2WWk/kTgrn294nrFwhLWs=":{"valueMac":{"type":"Buffer","data":"y6GbWf4otP1S0gl9HI/nLRJDFRlFrWjvYw3JZKOqirU="}},"vyjJHRb0ZJaf/h77yKkMSvMIvL80PbNx9D+Kn/Yw39Y=":{"valueMac":{"type":"Buffer","data":"rZyjegVblK5VI5+QJZYPYD1xsqcUQumf995z/QuDneA="}},"wBUaV7oBsDo0dBf8CcwVtSYlgDl4iKPMYnrcm/MmLgQ=":{"valueMac":{"type":"Buffer","data":"Og6GcXpKlXDrxtXe0CRbxPZitF/D9seEMxTYoQ1bIbg="}},"xNj8H2y03q/wTxbwPcCuwNLZoT2GA3AQ0oOHw04sZnM=":{"valueMac":{"type":"Buffer","data":"g5imas5ffx4hvJJY62sXlAmc6Bi9LV5LIykH71yjrVs="}},"xYaKsNZ9ls+z54VjhA/EhqI41HiOtH6pDD47XqY9mnU=":{"valueMac":{"type":"Buffer","data":"OXdqI5WsmW7nB5D90tKYosMFPA2owmI+G1wBIwkCW+g="}},"xvhRTVQdoSAll+x1TfdAHwVpH7U2d8Lwbk3xdNIS0E0=":{"valueMac":{"type":"Buffer","data":"nOLnLiZF8LGZZVu21F+FgEAr/IX3JE4bNwd7hs+prsw="}},"xzC2BvID6zN/7Llw4b3rw1wdfAlBpBU8/EV9zZ2CQlc=":{"valueMac":{"type":"Buffer","data":"nv7+62qvkamTAM71URo5ZS8HKsOIe88T03K85sgDSOo="}},"x27x3okJwY4Ru6WUBIIU7Usf6tFhtHuC33rR+xI3bq0=":{"valueMac":{"type":"Buffer","data":"Rkus98Pooau5yO7bg0nX3ui5xyFwlWyo/CuauN8EhNE="}},"yDxA9ClR60qZ8zQ1WctuNJQNaqEpnOwz3MAPF+j6a0c=":{"valueMac":{"type":"Buffer","data":"Az1Y+cLPb01h0cY1IjmthREfqhaA6kV/Ak2e3/FIONg="}},"yT4AGzegN5oLwgVhroo15fYueqvYxeQMT0fxQfBy8OE=":{"valueMac":{"type":"Buffer","data":"Gwxm7BkIbtQ/xZwUhD5QJ7bMx9BppKL0VcIBnN47ncw="}},"yiDszr+9qkwe9kSWlkpMj80iq6gDQMRYNNYmBm91eTs=":{"valueMac":{"type":"Buffer","data":"GZne2ox5sonRpfUn0WQt5F/U8Z0PqDwfzIj3OpOhe8M="}},"ysjs8IGr1vj369oWCMMpR9kOwt2HVt86IDYUUe9jcj8=":{"valueMac":{"type":"Buffer","data":"XbTcoP6EY0Z3VVKaf1BbBk2H4fyGg6iNZSBxxfG0eSI="}},"yw+FTj+Mhh/7KfPF8Z9sab0xeN0RKi428dRhHNbu+LA=":{"valueMac":{"type":"Buffer","data":"MG+2KnZ6RQwgDy3CELCsFYXlbPgAIEuXpmvR5M639gE="}},"zODtt5PrUmNXdcJSkrDKHf09kII2gSdMKPjIy5Xi3TA=":{"valueMac":{"type":"Buffer","data":"axUIAiNFO8Gg5ul/RlaNVNETU5TUieCL2SXZTka4mjc="}},"zccXlv0zhdLszdbDNX/N/NUKu9p/cWtp6ThXPjVjcF8=":{"valueMac":{"type":"Buffer","data":"R+m4WGsMxJO5NCoyElkfnQi+/5Cc1KwQx16r7reX23k="}},"znL9OTipKSjV5dXdHnN1Y6++d+Gw4XQYoBPeiGJhjN4=":{"valueMac":{"type":"Buffer","data":"6SpxOqOMLnNYtkJhnXNto5/R+BK+wv9jb7NpW13U9/k="}},"zo4uVGzEgpJ4wBN24IiDl0G+N32OouWPoT41Pb5UcG0=":{"valueMac":{"type":"Buffer","data":"mPnzAiqzRkMj0scVqMY8rLDRE5udp9uiB1UHlNgH35Q="}},"zwvwIp/GCjrN1nunmdN/YcrkpiojqySLx7bfW/fK5wg=":{"valueMac":{"type":"Buffer","data":"9kduDRUZw1D3NloR6gX9JAgQ4wdGctNK+NE9ymkiz/0="}},"zzfUhLlJP1bF6GiuV2GzYVU80iIRJYBAR/bqg2YAJr4=":{"valueMac":{"type":"Buffer","data":"jdFDVq8rShPRsXDUD9Gs5u6UjEYk/fyyHE4FoO1gNmM="}},"0G6MA/meCtQiJz7VCziJEUJdEEjXn15FWtspGNWTRYc=":{"valueMac":{"type":"Buffer","data":"gIBAFNRCTEALYrT3kM5mKbxVn0xaJez6QrjHn4MTQXQ="}},"0eRQe97dS6uTrjsLskpuFCPav75uPreGQYkRiNM8zoY=":{"valueMac":{"type":"Buffer","data":"oAcheiHk0K0aTND0LAlXRIDyQRzTGFIzYPywVg8pc3k="}},"00HZUiIHzKBjwAknmAZY0k4FJ3z6jEqhg1wMrdMV/TQ=":{"valueMac":{"type":"Buffer","data":"3U6FCXoh1pzQ62fWSrKjE+Zt6YOJA97gE4qga/ZSRXI="}},"076zBThurnjH9GOaFQJ2yh0LLnA+O5O24QWTqjl9RNs=":{"valueMac":{"type":"Buffer","data":"OdFlrUlYN9fWRDkdxS2pZkOn+F8O8I0aQNgIxWt/gjg="}},"1GsnUpQ4kuRtQw7IKWcznCqiKMQLYxVPPBf4MJj/iIE=":{"valueMac":{"type":"Buffer","data":"vXHVsyQj0LBPO3FnMJ9HwJ1DvdgGe97EnA891H6VvHQ="}},"1IBPF80OFZgrCpTvCkx3HjAIWJE9W3jIXAQ/0fFuPiU=":{"valueMac":{"type":"Buffer","data":"t3Ky5DFRdm5dzQN0LL1UubDwyds3ehyAzUiR4NGFLSI="}},"1Q1ovmHMiuSCf6I+s4ce5M3ls0N7S21qPWNxZEERITc=":{"valueMac":{"type":"Buffer","data":"TsHxX45d2wsMqnpCmyC2C/pSlH+UJ82a2hoHkPgwUJc="}},"1YcGLdEkNLWdNBt9NetkMyWTr98IyFtuBJW7oo93QjI=":{"valueMac":{"type":"Buffer","data":"4LyBJXxo42Q36/Ea7ieatAE+uRo4t6h407nDrM92+Hc="}},"11d3M5ZGkw7DDXJO5pojRWrtzFrn6KknCvoBkF01MLA=":{"valueMac":{"type":"Buffer","data":"sQ3ah6wRk0B/i9rgWdDYwZocm83eIKlSVdWNctkTncg="}},"16dHLCVz8vsJjd7JJioGUYEDnJW2CWXrx6aKzyMXUUE=":{"valueMac":{"type":"Buffer","data":"9ALoIom493vwZBDRGc66SAd3c0acsahe13vTziGrrEs="}},"17O9/LrJyY4MZ/0ei+z8P9eBTJVojhCkAtsCPscve28=":{"valueMac":{"type":"Buffer","data":"nTTYydgKODL5QRlBFD9Uh4qFfaaI0tSPK7JSiZFhqpc="}},"2DZWQcl/4jzNweMtkpgj9/E7fg67phiSEgT117/VXX0=":{"valueMac":{"type":"Buffer","data":"7NN/YgBS8d8gEKHn63ta7fHUudt5FBMlBQyzqvfF0jw="}},"2RGXCzTDN7snuXpBuqCFUQ6/ykXtJn4kU2Eje5CwwKY=":{"valueMac":{"type":"Buffer","data":"6bitoBIFQ85slx5idMqdpezsEzSXyOW+ESgpuslecQI="}},"2uT9JjPj7oA3zW5d99YLyQ1gJ9Wi/zUdcZpc02Ejnzs=":{"valueMac":{"type":"Buffer","data":"3q7PJJi4UdAdDOi4XV5vPzdsgBXU+NCT/OMk1IHDOsw="}},"2vkYHdnFPE8jM+kNRd2Hzdl6kXbJ/7k9tX1L2V8ARfw=":{"valueMac":{"type":"Buffer","data":"AdObstSSvXe+6gooMcM37NlZfw2Tcj/Cg9oETuzvB0w="}},"3BRmF1i9u+yfdzHeJd1QT6gR6iKIk5CoRB2IXoEfv7U=":{"valueMac":{"type":"Buffer","data":"8utjIcjldMrE3dl49EubDJsltiXslhNiFmk1zRMrBmU="}},"3JwRjs1lcYamdTaAsiyE2q5Vu6o7lgZRxgD8QIZ58Wg=":{"valueMac":{"type":"Buffer","data":"HADkwBLWdNsVQT9995vGVsHyMQ27s128bFHbr1vZIRw="}},"3LLE66PF8HyCvRJRrCrumun6UvJIjTWxYNjf4oziUEQ=":{"valueMac":{"type":"Buffer","data":"dBv0mUj1orCclGSOd/utKVAiO68MMuVDhK25EhAyiPk="}},"3+Ld/mtCbTppdX1IgueHMy7eHjP7VAVoO/xqFlfwc0c=":{"valueMac":{"type":"Buffer","data":"+ZSHGPTwB3Ov0unkg99pbSzj/NjORcWDu/h5H3Xitm4="}},"4I9lEIBVBo9++Kwijcmn2+GVeWrDv3jURslNphZmxYE=":{"valueMac":{"type":"Buffer","data":"sRLwT5fDqvSNFQ5J62AWAY3lzCi/e7vH6eXMc1gCfwI="}},"4L9VZezFhl3FdcNFhRkpnCn6nIvwAubcttjvYNvQGGs=":{"valueMac":{"type":"Buffer","data":"JluGnkKJK7iBTAnjGisSZojkxjP5j3F0p3eObqLfnBA="}},"4WDkrRu8hKa835rY7uyX5sNWFHXJSb2I6C/jaLj/ans=":{"valueMac":{"type":"Buffer","data":"wcDJp11AtPKXT9c5KcZeSh0RuE3Dpa4KHXWtYkn1m78="}},"4saw2d0q0aBcbVbCfA0O5a41WEpcMrKIGslnmeK7BQ4=":{"valueMac":{"type":"Buffer","data":"EaC6n5OmwCeji2koyZmoENJ4UnP1HvqO1dDsrcpqalo="}},"5jmtCK+Y2vUCOiBLWBQnIWAtfzEWvRBEKlqqgXOHlRQ=":{"valueMac":{"type":"Buffer","data":"9GfuLhDUUFioGmT7kKcoCmOzH5ZzSwLzfAnU9VfVrVs="}},"6eRH1x12dDH31bZI1IvvM5Div7BrIEHvGeTQGMK2GNM=":{"valueMac":{"type":"Buffer","data":"friSMABc/vm2Ue/VhdiSjiA97TsvYAMKXcHlP8vPEVk="}},"7XkKjFXwlRXgisCh21ZFZ6260wRNmMnbIVEJ1eFXYYs=":{"valueMac":{"type":"Buffer","data":"92h3bbXHoInY46fucDu2Y004ToK26FOf8Gnt8YOGKag="}},"7clmwu6s0LlHxHKdliZsBLa6A7n6p0dbDKo40eVDxsU=":{"valueMac":{"type":"Buffer","data":"nszwier/NhTf2EfciTIdjvWcSvtJPy1iVK/VRnHxJ8s="}},"8ZOpACyueTn4C40pJ4jWmsUF33zOlJus6pmlctOIIBM=":{"valueMac":{"type":"Buffer","data":"syTIMAaZZH3gIlGwsEvFMTQZMIfocg5ewu3QhoxUiqU="}},"8rXYW9HYnEc7bf4rnrKvTwuxXUnR+x2zCQFja3tfFYY=":{"valueMac":{"type":"Buffer","data":"cKjBAJk2djPJlna9+32HWX6IAhie4NnmIRKZOikIs9Q="}},"9qeDB5ld0dgam497VRPL7pAG6h7bWKvG8o4l/L+Wav0=":{"valueMac":{"type":"Buffer","data":"kp8mggMwr8PqzPlimfo494zSpjy4J1384Q3CBY5YTk4="}},"9y+yBXO23+DyvgeO2cT++LL0rPe7ebX3LDDnUEby1LU=":{"valueMac":{"type":"Buffer","data":"jQDo9prQ5HihDRN6ffvwug5AEbtC9UBaVQRljD4Us7Q="}},"+XtQy6kyj2LZFWUVRUcmavTViGWWClCA21Z6c2f5B2g=":{"valueMac":{"type":"Buffer","data":"UC76jAsWXBvV0xsd6YGEX69sp2KgaS7y9sZ7s2tTTH0="}},"+exdiHYLzmPNcuADLROBRSZiXKpdBgeXri7I+t/1Xpc=":{"valueMac":{"type":"Buffer","data":"eJIR/XLmAIqtycFZwhyIrieTx4qR8iLl1eOjmILjORE="}},"/NZHjrZwTj30BdjFgfz0a4i7YtuPkFGRocpY1qPyMi4=":{"valueMac":{"type":"Buffer","data":"4JI0MR5UUWO/RN2XOAJZ36WfgfCEeqLwIHu84qg8NXw="}},"ttEYFCFCT6JLpmFuc97rnww7sxlir8xVFAs66x5z7QI=":{"valueMac":{"type":"Buffer","data":"jioxQSg/hxXD3Hj5xRUvUzpzmT9x8bCoage5Q9lPDy0="}},"4qedo4/3UNWnIIlrBh7bA0itqQF+Ut1mcW2ayxt9xIQ=":{"valueMac":{"type":"Buffer","data":"2jrc8JwJTu+8NqFe27ARl3XZbyXu+uPkH388V4PEUks="}},"j746CXitFvCgvfL6hwMszfwki+WpW2KCEspahx4qRw0=":{"valueMac":{"type":"Buffer","data":"5tNktQ2A4BaXy9dFksgOQs4rJxtyi9kbCmFo7YV99dQ="}},"RU/YSvrqm5YuDHEVYo+eVurI2qpOsEP+0ltGMptMlpo=":{"valueMac":{"type":"Buffer","data":"8s9axiwSMoAE2yR4dry7v3KOJU7TAqfMBIYrfYaEhy4="}},"oKLoMHTvh0ifTww77nXA4iWjONMlr/RhX9fPzAi+y30=":{"valueMac":{"type":"Buffer","data":"1Q5Dr04Eq2L8KAsW66F8RKPNp9a1THEBf7zPRWKAgHM="}},"v1ST58R421zTuqPHGG2/efWIir1CaSUjorMW4OSgOsM=":{"valueMac":{"type":"Buffer","data":"BxEPY1f8gYD59sX/nS+3LCeOjZrejW6sZ1qH9sgtrcc="}}}}