{"noiseKey":{"private":{"type":"Buffer","data":"IM2YeFadgETgm1+pOCh5LnF/g5scEcb8rw0D9SBpfWc="},"public":{"type":"Buffer","data":"WbuT/iSFT6msKmZ67ftBSnfcDp/58EqsreyLggxjgiE="}},"pairingEphemeralKeyPair":{"private":{"type":"Buffer","data":"uEjPjFt2QMY0MuKNQULXac95gaVNvAFzBeBGLy6BNlM="},"public":{"type":"Buffer","data":"G7Y70K7byATVe3kZvmx6i3tRPbQOAblzv5dHA3zw720="}},"signedIdentityKey":{"private":{"type":"Buffer","data":"mFQKJKdyj6thpJvFKjEU/NBM1rLEukiYLpRrvBPSVFs="},"public":{"type":"Buffer","data":"UYf7aGz1AbRUBvI2IJYPBtPRmjJtqZRE1ujIulXaJ3s="}},"signedPreKey":{"keyPair":{"private":{"type":"Buffer","data":"MEIG5o3brGQgaVWMzVjekVBRxqmTYtjdhteVrhCiAl4="},"public":{"type":"Buffer","data":"7hAGuxaAz3sbK40vvSkmi8MzlQjFXj+9al5Ly7CwxzY="}},"signature":{"type":"Buffer","data":"KV5KyfekH3itHlK+sFy7lS4ZO/5+Xwav1jTY0UnhKDP3lLZX115QKD5rBtGugl63C6h8CwxreoEjeaTVBqepDg=="},"keyId":1},"registrationId":124,"advSecretKey":"R9KDsaRZIfu9+Oa9nA7VT2nc/2V0vzNnC5vXelBMLzU=","processedHistoryMessages":[{"key":{"remoteJid":"6282123293069@s.whatsapp.net","fromMe":true,"id":"380DDBE2A276EB1126B2D9D2155B9948"},"messageTimestamp":1747648994},{"key":{"remoteJid":"6282123293069@s.whatsapp.net","fromMe":true,"id":"317ACBCE8A8F8305DC59F1DE8826881D"},"messageTimestamp":1747648995},{"key":{"remoteJid":"6282123293069@s.whatsapp.net","fromMe":true,"id":"823842FEF7C20018CA9A2B1E55D42858"},"messageTimestamp":1747648999}],"nextPreKeyId":31,"firstUnuploadedPreKeyId":31,"accountSyncCounter":1,"accountSettings":{"unarchiveChats":false},"registered":false,"account":{"details":"CKGyqbMHENiDrMEGGAIgACgA","accountSignatureKey":"epEMk6zMxV5VyWVuLe5vCXOn1lvu4iG3BxcSBklOPFU=","accountSignature":"t3ueIWyuCSWHZu5kCA/s1WLV97rhCjJMb7qe8S5nkPrarkbRrAqgnrhQjZY2+uacnatPS626/7oj8wcyYD9mDQ==","deviceSignature":"gBALH2Tq+5nS8NOBo5sFYrKvcqbH3+2EsRzdvmcNP9amdGsh1JpbI4fSK413DpOZWxj1PWggPDjvontQMJ+GAA=="},"me":{"id":"6282123293069:90@s.whatsapp.net","lid":"68702347231332:90@lid"},"signalIdentities":[{"identifier":{"name":"6282123293069:90@s.whatsapp.net","deviceId":0},"identifierKey":{"type":"Buffer","data":"BXqRDJOszMVeVcllbi3ubwlzp9Zb7uIhtwcXEgZJTjxV"}}],"platform":"android","routingInfo":{"type":"Buffer","data":"CA0IEg=="},"lastAccountSyncTimestamp":1747648987,"lastPropHash":"3R9Z39","myAppStateKeyId":"AAAAAM1J"}