{"_sessions":{"BZ3nwGiTSsJKCmmORcQo8gVG9C/CpVK9R0HH5ACBbV4M":{"registrationId":1731906607,"currentRatchet":{"ephemeralKeyPair":{"pubKey":"BRBYtrflsPmxSkblILbYJN9Y0o8JrXpPm33OlFHh+oI2","privKey":"oHP3UpKk2hbzS1jjt7C1BXVwh09YbMmf0JHufQAIqU8="},"lastRemoteEphemeralKey":"BZI84jDPLdUZguhL8cKQwDVmR97MnDkN7yxacZaJ5e54","previousCounter":0,"rootKey":"qryzObCrw4ckV0Jozx00pKqnpphccq4IPk+xJhoztw4="},"indexInfo":{"baseKey":"BZ3nwGiTSsJKCmmORcQo8gVG9C/CpVK9R0HH5ACBbV4M","baseKeyType":2,"closed":-1,"used":1747648989451,"created":1747648989451,"remoteIdentityKey":"BXqRDJOszMVeVcllbi3ubwlzp9Zb7uIhtwcXEgZJTjxV"},"_chains":{"BZI84jDPLdUZguhL8cKQwDVmR97MnDkN7yxacZaJ5e54":{"chainKey":{"counter":6,"key":"yKGWt4ZipaenzkvgYgO3p4gtP6+9lzFGkaG+4BdJ5oY="},"chainType":2,"messageKeys":{}},"BRBYtrflsPmxSkblILbYJN9Y0o8JrXpPm33OlFHh+oI2":{"chainKey":{"counter":-1,"key":"p+pMk6XLWNEobUT8Vck4B0OhXRcy360hC+Q4w8B6GQY="},"chainType":1,"messageKeys":{}}}}},"version":"v1"}